Country,Edition,"OVERALL","1) AVAILABILITY","1.1) Usage","1.1.1) Internet users","1.1.2) Fixed-line broadband subscribers","1.1.3) Mobile subscribers","1.1.4) Gender gap in internet access","1.1.5) Gender gap in mobile phone access","1.2) Quality","1.2.1) Average fixed broadband upload speed","1.2.2) Average fixed broadband download speed","1.2.3) Average fixed broadband latency","1.2.4) Average mobile upload speed","1.2.5) Average mobile download speed","1.2.6) Average mobile latency","1.2.7) Bandwidth capacity","1.3) Infrastructure","1.3.1) Network coverage (min. 2G)","1.3.2) Network coverage (min. 3G)","1.3.3) Network coverage (min. 4G)","1.3.4) 5G deployment","1.3.5) Government initiatives to make Wi-Fi available","1.3.6) Private sector initiatives to make Wi-Fi available","1.3.7) Unlicensed spectrum policy","1.3.8) Internet exchange points","1.4) Electricity","1.4.1) Urban electricity access","1.4.2) Rural electricity access","2) AFFORDABILITY","2.1) Price","2.1.1) Smartphone cost (handset)","2.1.2) Mobile phone cost (prepaid tariff)","2.1.3) Mobile phone cost (postpaid tariff)","2.1.4) Fixed-line monthly broadband cost","2.2) Competitive environment","2.2.1) Average revenue per user (ARPU, annualized)","2.2.2) Wireless operators' market share","2.2.3) Broadband operators' market share","3) RELEVANCE","3.1) Local content","3.1.1) Availability of local news in local languages","3.1.2) Concentration of websites using country-level domains","3.1.3) Availability of e-Government services in the local language","3.2) Relevant content","3.2.1) e-Finance content","3.2.2) Value of e-finance","3.2.3) e-Health content","3.2.4) Value of e-health","3.2.5) e-Entertainment usage","3.2.6) e-Commerce content","3.2.7) Value of e-Commerce","3.2.8) Open data policies","4) READINESS","4.1) Literacy","4.1.1) Level of literacy","4.1.2) Educational attainment","4.1.3) Support for digital literacy","4.1.4) Level of web accessibility","4.2) Trust & Safety","4.2.1) Privacy regulations","4.2.2) Trust in online privacy","4.2.3) Trust in Government websites and apps","4.2.4) Trust in Non-government websites and apps","4.2.5) Trust in information from social media","4.2.6) e-Commerce safety","4.3) Policy","4.3.1) National female e-inclusion policies","4.3.1.1) Comprehensive female e-inclusion plan","4.3.1.2) Female digital skills training plan","4.3.1.3) Female STEM education plan","4.3.2) Government e-inclusion strategy","4.3.3) National broadband strategy","4.3.4) Funding for broadband buildout","4.3.5) Technology-neutrality policy for spectrum use","4.3.6) National digital identification system","4.3.7) Government efforts to promote 5G"
Algeria,E1,n/a,n/a,n/a,31.7,12.2,78.9,n/a,n/a,n/a,0.3,0.4,70.4,1.9,2.2,50.3,1,n/a,98.4,46,0,n/a,50,0,n/a,0,n/a,100,96.7,n/a,n/a,36.8,91.5,92.4,98.9,n/a,10.5,50,0,n/a,n/a,25,0,50,n/a,50,n/a,33.3,n/a,n/a,31.4,n/a,n/a,n/a,n/a,75.5,51.2,33.3,0,n/a,0,n/a,n/a,n/a,n/a,n/a,n/a,n/a,n/a,n/a,n/a,0,0,100,n/a,100,n/a
Algeria,E2,42.5,53.5,56.9,47.1,15,86.1,62.6,73.5,23.4,2.4,2.6,69.2,8.5,5,74.8,1,35.4,96.1,83.4,3.6,0,100,0,0,0,98.4,100,96.9,50.8,81.4,38.4,91.5,96.9,98.9,20.1,10.3,50,0,27.8,25,25,0,50,30.7,50,37.8,33.3,40,33.3,37.5,13.3,0,38,40,75.5,51.2,33.3,0,45.3,0,60,50,55.6,65.4,40.9,28.6,0,0,0,0,0,0,100,0,100,0
Algeria,E3,48.9,55.6,59.2,54.1,16.5,80.9,72.5,72.2,25.1,0.8,0.6,74.1,13.9,5.2,80.5,0.8,39.6,96.1,90,30.5,0,100,0,0,0,98.4,100,96.9,51.1,82.4,37.4,96.9,96.6,98.7,19.8,9.4,50,0,38,44.4,50,33.3,50,31.6,50,37.4,33.3,39.5,33.1,37.5,22.1,0,51,40.2,75.5,52,33.3,0,58.1,100,36.7,50,52.2,61.9,47.7,54.8,0,0,0,0,50,33.3,100,100,100,0
Algeria,E4,53.4,58.7,61.7,74.3,15.5,81.8,62.9,74.1,25.6,0.5,0.7,74,19.5,4.2,79.4,0.7,47.5,96.2,97.5,52.8,50,50,0,33.3,0,100,100,100,50.5,81.6,34.3,97,96.6,98.7,19.4,8.2,50,0,54.9,61.1,100,33.3,50,48.8,50,27,66.7,6.7,83.3,37.7,68.9,50,49.6,40.6,77,52,33.3,0,48.7,100,45.7,25,40.7,65.4,15.6,59.5,0,0,0,0,50,66.7,100,100,100,0
Algeria,E5,53.3,59.5,63.6,74.3,17.7,79.5,73.3,73.3,28.4,0.2,0.7,78.4,26.8,6.8,85.1,0.7,47.6,96.2,97.7,53.6,50,50,0,33.3,0,98.3,100,96.7,50.2,81.1,32.9,96.3,96.6,98.7,19.3,7.9,50,0,52.3,61.1,100,33.3,50,43.5,50,37.8,66.7,16.7,55.6,37.7,33.3,50,51.3,40.6,77,52,33.3,0,53.7,100,62.9,40.6,40.7,61.5,16.4,59.5,0,0,0,0,50,66.7,100,100,100,0
Angola,E1,n/a,n/a,n/a,14.4,1.2,20.2,n/a,n/a,n/a,2.3,4,62.8,19.2,11.3,64.4,0.2,n/a,98,60.7,7,n/a,100,0,n/a,5.1,n/a,39.6,17.9,n/a,n/a,33,89.7,38.8,96.9,n/a,6.1,0,0,n/a,n/a,50,0,50,n/a,100,n/a,66.7,n/a,n/a,19.4,n/a,n/a,n/a,n/a,64.4,26,66.7,50,n/a,100,n/a,n/a,n/a,n/a,n/a,n/a,n/a,n/a,n/a,n/a,50,33.3,0,n/a,50,n/a
Angola,E2,40.7,30.6,27.2,11,0.6,15.5,45.3,63.4,28.3,1.8,4.2,80.9,20.8,11.8,78.1,0.3,31.8,80.4,62,8,0,100,0,0,4.4,35.3,65.4,5.2,48.1,77.6,33.8,89.7,89.5,97.3,18.7,6.1,0,50,41,33.3,50,0,50,48.7,100,50.8,66.7,67.7,56.1,27.8,20.1,0,42.9,52.6,64.4,29.1,66.7,50,57,100,45.4,50.3,50.7,40.6,54.9,19,0,0,0,0,50,33.3,0,0,50,0
Angola,E3,45.5,32.1,27.5,11,0.7,15.1,46.2,64.6,30.9,2.1,4.9,85,26.6,13.9,83.7,0.4,34.7,80.4,85,8,0,100,0,0,4.3,35.3,65.4,5.2,57.8,80.2,44.2,92.8,87.9,95.9,35.4,6.3,0,100,46,44.4,50,33.3,50,47.5,100,48.6,66.7,33.3,50,27.8,53.3,0,46,52.4,64.4,28.3,66.7,50,64.3,100,57.1,75,59.3,50,44.2,21.4,0,0,0,0,50,0,0,0,100,0
Angola,E4,46.6,32.8,30.3,11,0.8,13.5,57,69.4,32.9,2.8,5.5,85.1,35.8,18.6,82.4,0.4,34.7,80.4,85,8,0,100,0,0,4.1,33.2,60.3,6.1,56.6,77.7,30.5,96.7,87.9,95.9,35.4,6.1,0,100,46.1,44.4,50,33.3,50,47.7,100,48.6,66.7,33.3,50,29.3,53.3,0,50.8,52.6,64.4,29.1,66.7,50,64.3,100,57.1,75,59.3,50,44.2,35.7,0,0,0,0,50,100,0,0,100,0
Angola,E5,39.2,32.7,29.7,11,0.8,17,54.3,65.5,35.5,2.7,5.9,86.6,44.5,21.8,86.9,0.4,34.3,80.4,72,18,0,100,0,0,4,31.1,56.4,5.9,48.5,78.3,31.6,97.6,87.9,95.9,18.7,6.1,0,50,23.8,16.7,50,0,0,30.9,100,45.9,0,20,5.6,29.3,46.7,0,51.8,44.2,64.4,29.1,33.3,50,54.1,100,42.9,50,48.1,46.2,37.4,57.1,0,0,0,0,0,100,100,100,100,0
Argentina,E1,n/a,n/a,n/a,61.9,33.9,100,n/a,n/a,n/a,0.7,3.1,74.8,19.7,8,73.1,1.2,n/a,96.1,90,65,n/a,100,100,n/a,1.5,n/a,99.1,66.1,n/a,n/a,63.9,97.6,97.6,98.9,n/a,19.4,50,50,n/a,n/a,50,66.7,100,n/a,100,n/a,100,n/a,n/a,52.4,n/a,n/a,n/a,n/a,99,70.9,100,50,n/a,100,n/a,n/a,n/a,n/a,n/a,n/a,n/a,n/a,n/a,n/a,100,66.7,100,n/a,100,n/a
Argentina,E2,65.9,66.5,76,71.7,35.5,100,88.2,84.4,29.5,0.8,4.6,80.5,23.5,9.6,86,1.3,68,96.1,95,85,0,100,100,33.3,34.8,92.5,100,85,63.6,88.9,59.2,98.8,98.5,99,38.2,14.7,50,50,62.8,72.2,50,66.7,100,53.3,100,54.1,100,53.3,38.9,45,35.6,0,70.6,80.1,98.9,71.7,100,50,57.8,100,37.1,53.1,74.1,50,32.6,73.8,50,100,0,0,100,66.7,100,100,100,0
Argentina,E3,66.5,67.6,77.6,75.8,38.1,100,88.2,86,31.9,1.4,7.9,83.3,27.8,12.6,88.6,1.4,68.2,96.1,95,85,0,100,100,33.3,36,92.7,100,85.4,63.1,87.2,52.8,98.3,98.7,99,39,17.1,50,50,63.5,72.2,50,66.7,100,54.9,100,35.1,100,46.7,61.1,45,51.1,0,71.9,80.3,98.9,72.4,100,50,58.1,100,40,40.6,63,57.7,47.5,77.4,75,100,100,0,100,66.7,100,100,100,0
Argentina,E4,72.1,71.5,78.6,75.8,40.7,100,89.4,87.3,35.6,2.4,12.3,87,36.3,18.4,91.6,1.4,79.3,96.1,95,90.8,50,100,100,66.7,35.9,92.6,100,85.2,62.2,86.7,50.1,99,98.7,99,37.7,13.2,50,50,80.1,88.9,100,66.7,100,71.4,100,67.6,66.7,36.7,83.3,50.3,66.7,100,74.7,80.3,98.8,72.4,100,50,61.6,100,65.7,31.3,70.4,50,52.5,82.1,75,100,100,0,100,100,100,100,100,0
Argentina,E5,74.1,71.8,77.1,75.8,41.9,95.8,86.4,85.9,37.8,4.1,18.1,86.8,37.2,24.1,92.8,1.4,79.7,96.1,95,91.2,50,100,100,66.7,38.4,92.4,100,84.8,62.6,87.8,54.3,99.3,98.7,99,37.4,12.3,50,50,86.1,100,100,100,100,72.3,100,62.2,66.7,43.3,77.8,50.3,77.8,100,76,80.3,98.8,72.4,100,50,69.1,100,77.1,25,59.3,76.9,76.5,78.6,50,100,0,0,100,100,100,100,100,0
Australia,E1,n/a,n/a,n/a,85.9,60.8,77.8,n/a,n/a,n/a,5.3,10.4,78.4,52.5,34.5,90.6,0.9,n/a,98,99,94,n/a,100,100,n/a,42.5,n/a,100,100,n/a,n/a,94.5,99.2,99.4,99.8,n/a,66.6,50,100,n/a,n/a,50,66.7,100,n/a,100,n/a,100,n/a,n/a,83.9,n/a,n/a,n/a,n/a,100,87.4,100,50,n/a,100,n/a,n/a,n/a,n/a,n/a,n/a,n/a,n/a,n/a,n/a,50,66.7,100,n/a,0,n/a
Australia,E2,69.9,72.9,78.3,86.1,64.8,79.5,79.7,81.6,41,3.1,9.9,83,54.8,39.6,95.5,1.3,72.4,98.6,99.3,98,0,100,100,33.3,50.2,100,100,100,84.1,98.4,95.1,99.2,99.6,99.6,69.8,59.5,50,100,58.8,72.2,50,66.7,100,45.3,100,21.6,100,13.3,5.6,95.3,26.7,0,63.7,84.5,100,88.2,100,50,50.6,100,62.9,53.1,25.9,11.5,50.2,56,75,100,0,100,50,66.7,100,100,0,0
Australia,E3,70.8,73.9,79.1,86.1,68.7,78.5,80.8,81.6,43.9,4.6,12.9,85.5,57.5,47.8,97.1,2.2,72.5,98.8,99.4,99,0,100,100,33.3,49.5,100,100,100,75.2,97.9,93.1,99.2,99.6,99.6,52.5,57.5,50,50,66.4,72.2,50,66.7,100,60.6,100,48.6,100,50,44.4,95.3,46.7,0,67.5,84.7,100,89,100,50,51.2,100,60,28.1,33.3,23.1,62.7,66.7,100,100,100,100,100,66.7,100,100,0,0
Australia,E4,79.7,79.2,79.9,86.1,72.2,81.1,79.7,80.3,47.7,7.2,17.6,89.1,63.2,57.6,96.8,2.2,89.4,98.8,99.4,99.2,100,100,100,66.7,51.1,100,100,100,75.8,99.6,100,99.2,99.6,99.6,52,55.9,50,50,89.4,100,100,100,100,78.8,100,43.2,100,43.3,88.9,95.1,60,100,74.2,84.7,100,89,100,50,52.2,100,54.3,56.3,40.7,15.4,46.5,85.7,100,100,100,100,100,100,100,100,0,100
Australia,E5,82.7,80,80.6,86.1,74.1,80.7,81.8,80.3,48.8,9.4,21.9,90.1,57.9,63.1,97.1,2.2,90.6,99,99.5,99.4,100,100,100,66.7,60.6,100,100,100,84.1,99.6,100,99.2,99.6,99.6,68.5,55.6,50,100,87,100,100,100,100,74.1,100,43.2,100,16.7,66.7,95.1,71.1,100,79.8,84.7,100,89,100,50,69,100,48.6,78.1,66.7,50,70.5,85.7,100,100,100,100,100,100,100,100,0,100
Austria,E1,n/a,n/a,n/a,82.3,60.3,100,n/a,n/a,n/a,4.7,12.6,85.2,39.7,27.5,92.3,1.6,n/a,98,98,98,n/a,n/a,n/a,n/a,29.8,n/a,100,100,n/a,n/a,56.6,99.8,99.8,99.8,n/a,36.8,50,0,n/a,n/a,n/a,n/a,n/a,n/a,n/a,n/a,n/a,n/a,n/a,78.2,n/a,n/a,n/a,n/a,100,88.2,n/a,n/a,n/a,n/a,n/a,n/a,n/a,n/a,n/a,n/a,n/a,n/a,n/a,n/a,n/a,n/a,n/a,n/a,100,n/a
Austria,E2,70.6,71.9,79.1,85.1,61.5,96.7,76.8,75.5,38.8,4.1,13.3,87.2,42.5,27.9,94.9,1.8,69.6,98,98,98,0,100,100,33.3,29.7,100,100,100,67.4,88.8,56,99.8,99.8,99.8,45.9,37.7,50,50,69.3,72.2,50,66.7,100,66.4,100,64.9,100,66.7,61.1,94.2,44.4,0,73.7,84.5,100,88.2,100,50,55.7,100,40,65.6,51.9,30.8,45.7,81,100,100,100,100,100,66.7,100,100,100,0
Austria,E3,72,73.1,82.4,88.8,60.7,93.1,84.9,84.3,40.3,4.6,16,87.3,45.9,30.4,96.1,1.7,69.6,98,98,98,0,100,100,33.3,29.6,100,100,100,71.3,96.2,85.6,99.8,99.8,99.8,46.5,39.4,50,50,74.3,83.3,50,100,100,65.2,100,48.6,100,60,72.2,94.2,46.7,0,69.5,84.5,100,88.2,100,50,42.9,100,60,21.9,25.9,26.9,22.4,81,100,100,100,100,100,66.7,100,100,100,0
Austria,E4,79.3,76.4,79.9,88.8,60.4,93.5,73.9,83,43.5,5.9,18.8,89.3,53.6,37.9,97,1.7,82.1,98,98,98,100,100,100,33.3,29.5,100,100,100,69.6,93.6,75.2,99.8,99.8,99.8,45.5,36.4,50,50,91.4,100,100,100,100,82.9,100,51.4,100,70,77.8,92.8,71.1,100,80,84.5,100,88.2,100,50,55.3,100,62.9,50,33.3,42.3,43.5,100,100,100,100,100,100,100,100,100,100,100
Austria,E5,76.9,78.8,81.1,89.9,60,89.9,81.7,84.2,47.3,7.6,28.3,91.1,57.6,46.6,98,1.7,86.7,98,98,98,100,100,100,33.3,66.3,100,100,100,69.3,93.6,75,99.7,99.8,99.8,45.1,35.4,50,50,80.7,88.9,100,66.7,100,72.5,100,48.6,100,20,38.9,92.8,80,100,78.9,90.8,100,88.2,100,75,45.8,100,54.3,15.6,25.9,38.5,40.5,100,100,100,100,100,100,100,100,100,100,100
Azerbaijan,E1,n/a,n/a,n/a,76.6,42.1,81.3,n/a,n/a,n/a,4.4,4.3,76.8,16.3,10.1,71.9,1.2,n/a,100,95.5,39,n/a,n/a,n/a,n/a,0,n/a,100,100,n/a,n/a,16.7,97.8,98.1,99.5,n/a,8.6,50,100,n/a,n/a,n/a,n/a,n/a,n/a,n/a,n/a,n/a,n/a,n/a,50.9,n/a,n/a,n/a,n/a,99.8,71.7,n/a,n/a,n/a,n/a,n/a,n/a,n/a,n/a,n/a,n/a,n/a,n/a,n/a,n/a,n/a,n/a,n/a,n/a,100,n/a
Azerbaijan,E2,n/a,n/a,n/a,77.3,39.5,74.8,56.4,61.7,n/a,4.2,3.8,82.7,23.1,13.1,84.9,1.1,n/a,100,95.5,41,n/a,n/a,n/a,n/a,0,n/a,100,100,n/a,n/a,29.5,97.8,99,99.5,n/a,8.1,50,100,n/a,n/a,n/a,n/a,n/a,n/a,n/a,n/a,n/a,n/a,n/a,58.9,n/a,n/a,n/a,n/a,99.8,71.7,n/a,n/a,n/a,n/a,n/a,n/a,n/a,n/a,n/a,n/a,n/a,n/a,n/a,n/a,n/a,n/a,n/a,n/a,100,n/a
Azerbaijan,E3,n/a,n/a,n/a,77.7,39.1,73,68,56.3,n/a,5.5,5.2,85.3,32.9,18.8,91.5,1.5,n/a,100,96.3,42,n/a,n/a,n/a,n/a,0,n/a,100,100,n/a,n/a,36.8,97.8,99,99.5,n/a,8.1,50,100,n/a,n/a,n/a,n/a,n/a,n/a,n/a,n/a,n/a,n/a,n/a,58.9,n/a,n/a,n/a,n/a,99.8,71.7,n/a,n/a,n/a,n/a,n/a,n/a,n/a,n/a,n/a,n/a,n/a,n/a,n/a,n/a,n/a,n/a,n/a,n/a,50,n/a
Azerbaijan,E4,66.5,68,66.2,78.1,40.5,74,69.3,69,39.7,7.9,7.1,88,52,26.5,94.7,1.7,66.2,100,97.1,49,50,100,100,33.3,0,100,100,100,66.6,80.4,25.4,97.8,99,99.5,52.7,8.1,50,100,75.2,83.3,100,100,50,67,50,63.2,100,56.2,84.2,63,69.6,50,56.4,57.4,99.8,71.7,33.3,25,59.2,100,62.1,51.4,50.2,49.4,42.3,52.4,0,0,0,0,100,66.7,100,0,100,0
Azerbaijan,E5,68.4,70.6,68.8,78.1,41.2,77.1,72.1,75.5,42,11,9.8,88.3,58.1,27.7,97.5,1.7,71.7,100,97.6,93,50,100,100,33.3,0,100,100,100,70,87.4,52.8,98.5,99,99.5,52.7,8,50,100,76.7,83.3,100,100,50,70.2,100,33.6,100,32.7,60.8,63,71.1,100,56.3,59.5,99.8,71.7,66.7,0,57,100,54.9,49.2,43,53.3,41.5,52.4,0,0,0,0,100,66.7,100,0,100,0
Bahrain,E1,n/a,n/a,n/a,88.7,39.3,100,n/a,n/a,n/a,2.7,4.9,80,41.2,13.8,89.4,3,n/a,98,97.9,95.6,n/a,n/a,n/a,n/a,92.9,n/a,100,100,n/a,n/a,44.4,99.4,98.5,99.8,n/a,49.1,50,0,n/a,n/a,n/a,n/a,n/a,n/a,n/a,n/a,n/a,n/a,n/a,68,n/a,n/a,n/a,n/a,88.9,62.2,n/a,n/a,n/a,n/a,n/a,n/a,n/a,n/a,n/a,n/a,n/a,n/a,n/a,n/a,n/a,n/a,n/a,n/a,100,n/a
Bahrain,E2,n/a,n/a,n/a,98,34.8,100,78.7,83,n/a,2.7,6.5,84.4,38.4,12.2,92,2.9,n/a,100,100,100,n/a,n/a,n/a,n/a,89.4,n/a,100,100,n/a,n/a,47.7,99.4,97.7,99.8,n/a,43,50,0,n/a,n/a,n/a,n/a,n/a,n/a,n/a,n/a,n/a,n/a,n/a,68,n/a,n/a,n/a,n/a,96.4,63,n/a,n/a,n/a,n/a,n/a,n/a,n/a,n/a,n/a,n/a,n/a,n/a,n/a,n/a,n/a,n/a,n/a,n/a,100,n/a
Bahrain,E3,n/a,n/a,n/a,98.5,27.7,100,88.1,84.2,n/a,2.4,8.2,92.3,41.1,14.6,95.4,3.6,n/a,100,100,100,n/a,n/a,n/a,n/a,84.8,n/a,100,100,n/a,n/a,40.8,99.4,97.7,99.6,n/a,41.8,50,0,n/a,n/a,n/a,n/a,n/a,n/a,n/a,n/a,n/a,n/a,n/a,68,n/a,n/a,n/a,n/a,96.8,63,n/a,n/a,n/a,n/a,n/a,n/a,n/a,n/a,n/a,n/a,n/a,n/a,n/a,n/a,n/a,n/a,n/a,n/a,50,n/a
Bahrain,E4,71.1,73,77.5,98.6,17.2,100,88.1,83.4,41.4,13.2,19.7,84.4,47.9,23.8,96.3,4.3,73.1,100,100,100,100,100,0,0,84.8,100,100,100,59.3,87,51.3,99.4,97.7,99.6,31.6,44.9,50,0,78.1,88.9,100,66.7,100,67.4,100,10.8,100,43.3,83.3,61.7,40,100,74,83.7,96.9,63,100,75,64.4,100,51.4,59.4,77.8,69.2,28.4,73.8,50,100,0,0,0,66.7,100,100,100,100
Bahrain,E5,71.6,73.1,74.3,99.7,18.3,85.9,84.9,83,44.8,4.3,15.5,94.2,51,36.3,98.7,13.2,73.2,100,100,100,100,100,0,0,85.8,100,100,100,62.5,92.2,73.3,98.3,97.7,99.6,32.8,48.5,50,0,78.3,88.9,100,66.7,100,67.7,100,13.5,100,30,61.1,61.7,75.6,100,72.3,83.7,96.9,63,100,75,59.4,100,51.4,50,48.1,69.2,37.4,73.8,100,100,100,100,50,66.7,0,100,100,100
Bangladesh,E1,n/a,n/a,n/a,9.8,6.7,54.3,n/a,n/a,n/a,6.7,5.7,83.6,2.8,3.1,61.1,0.3,n/a,98.8,71,65,n/a,100,50,n/a,0.4,n/a,89.1,47.3,n/a,n/a,26.6,95.9,93.9,98.8,n/a,2.9,100,50,n/a,n/a,50,33.3,50,n/a,50,n/a,66.7,n/a,n/a,14.7,n/a,n/a,n/a,n/a,56.9,34.6,100,25,n/a,0,n/a,n/a,n/a,n/a,n/a,n/a,n/a,n/a,n/a,n/a,100,66.7,0,n/a,100,n/a
Bangladesh,E2,53.2,49.1,30.2,14.2,8.9,56.3,22.7,48.6,27.1,8.3,7.2,87,3.8,3.1,79.6,0.4,61.1,99,91.4,65,0,100,100,33.3,0,77.9,89.3,66.6,49,80.4,33.1,96.6,93,98.9,17.6,2.9,50,0,49.7,55.6,50,66.7,50,43.9,50,40.5,66.7,70,83.3,34.3,6.7,0,64.9,56.7,66.4,35.4,100,25,64.1,0,71.4,65.6,92.6,80.8,74,73.8,50,50,100,0,100,66.7,100,100,100,0
Bangladesh,E3,52.5,52,32.8,6.5,9.7,64.7,33.7,49.2,31.1,9.2,8.2,90.1,15.7,5.9,87.9,0.4,61.6,99,92.8,67,0,100,100,33.3,0.4,82.5,92.4,72.5,49.5,81.3,33.2,96.4,96.5,99,17.7,3,50,0,49.8,55.6,50,66.7,50,44,50,29.7,66.7,56.7,50,34.3,64.4,0,59,50.9,66.5,37,100,0,52.3,0,60,68.8,66.7,57.7,60.6,73.8,50,50,100,0,100,66.7,100,100,100,0
Bangladesh,E4,59.3,56.3,35.4,6.5,10.6,70.3,30.1,59.4,33,11,9.9,91.5,22.5,7.5,88.2,0.4,69.6,99.2,95.2,79,50,100,100,33.3,0.4,87,95.6,78.4,51.8,86.1,51.1,97.6,96.5,99,17.5,2.6,50,0,61.7,61.1,100,33.3,50,62.3,50,75.7,33.3,56.7,77.8,38.5,66.7,100,67.4,57.4,67.7,37,100,25,66.1,100,74.3,59.4,59.3,61.5,42.1,78.6,50,50,100,0,100,100,100,100,100,0
Bangladesh,E5,56.5,54.7,41.5,37.4,10.6,71.6,30.1,57.7,35.1,13.7,12.2,92.3,25.3,8.5,91.5,2.5,57.5,99.2,95.4,82,50,100,0,33.3,0,84.6,92.4,76.7,50.3,83.1,39.4,97.3,96.5,99,17.6,2.7,50,0,61.4,77.8,100,33.3,100,45.1,50,5.4,33.3,20,66.7,38.5,46.7,100,59.5,51.4,68.7,37,100,0,48.4,100,40,40.6,44.4,46.2,19.4,78.6,50,50,100,0,100,100,100,100,100,0
Belgium,E1,n/a,n/a,n/a,81.7,77.8,83.3,n/a,n/a,n/a,4.1,20.6,88,43.5,24.3,91.9,3.9,n/a,100,100,99.9,n/a,n/a,n/a,n/a,11.3,n/a,100,100,n/a,n/a,88.8,99.2,99.1,99.8,n/a,53.5,50,50,n/a,n/a,n/a,n/a,n/a,n/a,n/a,n/a,n/a,n/a,n/a,78.2,n/a,n/a,n/a,n/a,100,81.1,n/a,n/a,n/a,n/a,n/a,n/a,n/a,n/a,n/a,n/a,n/a,n/a,n/a,n/a,n/a,n/a,n/a,n/a,100,n/a
Belgium,E2,72.4,72.9,81.1,84.8,80.2,80.6,80.6,79.2,43,4.5,24,89.5,52.6,30.7,95.2,4.4,67.4,100,100,100,0,100,100,33.3,5.6,100,100,100,72.9,96.4,87.7,99.2,99.1,99.8,49.3,48,50,50,68.9,72.2,50,66.7,100,65.7,100,67.6,100,46.7,88.9,91,31.1,0,74.8,89.2,100,81.9,100,75,57.9,100,20,56.3,51.9,57.7,61.8,77.4,75,100,100,0,100,66.7,100,100,100,0
Belgium,E3,72.1,73.3,78.8,86,81.8,69.7,76.3,80.4,47,5.6,27.9,90.4,59.8,43.5,97.1,4.5,67.4,100,100,100,0,100,100,33.3,5.5,100,100,100,72,94.7,80.5,99.2,99.3,99.8,49.3,47.9,50,50,70.2,83.3,50,100,100,57.1,100,70.3,100,20,33.3,91,42.2,0,72.8,89.2,100,81.9,100,75,48.2,100,51.4,31.3,37,38.5,31.3,81,100,100,100,100,100,66.7,100,100,100,0
Belgium,E4,79.2,77.2,81.1,87.3,83.6,69.9,81.8,83,49.3,6.8,33.2,92.5,64.7,46.9,96.5,4.5,78.5,100,100,100,50,100,100,66.7,11.1,100,100,100,72.2,93.9,77.5,99.2,99.3,99.8,50.5,51.4,50,50,88.7,100,100,100,100,77.3,100,62.2,100,23.3,66.7,90.9,75.6,100,78.8,89.2,100,81.9,100,75,56.6,100,60,46.9,37,46.2,49.5,90.5,100,100,100,100,100,66.7,100,100,100,66.7
Belgium,E5,77.7,79.4,80.9,89.8,84.8,69.9,79.7,80.5,50.6,7.9,41.8,92,60.9,49.4,97.4,4.5,86.1,100,100,100,100,100,100,66.7,22.1,100,100,100,74.6,99.6,100,99.3,99.3,99.8,49.6,48.8,50,50,82.4,100,100,100,100,64.8,100,21.6,100,26.7,38.9,90.9,40,100,74.6,89.2,100,81.9,100,75,44.1,100,71.4,31.3,14.8,15.4,31.4,90.5,100,100,100,100,100,66.7,100,100,100,66.7
Benin,E1,n/a,n/a,n/a,5.1,1.5,58.3,n/a,n/a,n/a,0.6,0.4,0,9.9,5.9,50.5,0.1,n/a,96.1,45,11.5,n/a,n/a,n/a,n/a,6,n/a,51.4,8.2,n/a,n/a,13.3,74.6,78.2,87.7,n/a,6.1,50,0,n/a,n/a,n/a,n/a,n/a,n/a,n/a,n/a,n/a,n/a,n/a,13.2,n/a,n/a,n/a,n/a,23.9,16.5,n/a,n/a,n/a,n/a,n/a,n/a,n/a,n/a,n/a,n/a,n/a,n/a,n/a,n/a,n/a,n/a,n/a,n/a,0,n/a
Benin,E2,n/a,n/a,n/a,6.3,0.4,52,27,43.7,n/a,1.2,1.3,45.1,5.7,5.1,51.4,0.2,n/a,96.1,45,23.9,n/a,n/a,n/a,n/a,5.9,n/a,51.3,10.9,n/a,n/a,17.3,83.4,80.4,92.2,n/a,6.1,0,0,n/a,n/a,n/a,n/a,n/a,n/a,n/a,n/a,n/a,n/a,n/a,12.8,n/a,n/a,n/a,n/a,23.9,17.3,n/a,n/a,n/a,n/a,n/a,n/a,n/a,n/a,n/a,n/a,n/a,n/a,n/a,n/a,n/a,n/a,n/a,n/a,0,n/a
Benin,E3,41.4,29.6,28.7,4.3,0.6,48.8,31.8,57.9,23,2,1.6,67,12.3,5.2,71.9,1.1,38.3,96.1,65,39.7,0,50,50,0,5.7,28.6,48.4,8.8,38.5,75,31.7,88,88.4,91.9,2.1,6.3,0,0,43.3,44.4,50,33.3,50,42.2,50,62.2,33.3,76.7,44.4,12.8,57.8,0,54.1,47.6,23.9,16.5,100,50,62.3,100,45.7,56.3,74.1,50,47.5,52.4,0,0,0,0,50,66.7,100,100,50,0
Benin,E4,43.3,33.9,32.8,4.3,0.5,52.6,40.1,66.6,24.7,2.2,2.3,70.4,11.2,6,79.9,1.1,44.4,96.1,80,40,0,50,50,33.3,5.5,33.6,58.4,8.8,37,72,16.8,90.9,88.4,91.9,2,6.1,0,0,47.9,52.8,75,33.3,50,43,50,62.2,33.3,76.7,44.4,19.3,57.8,0,54.3,48.2,23.9,18.9,100,50,62.3,100,45.7,56.3,74.1,50,47.5,52.4,0,0,0,0,50,66.7,100,100,50,0
Benin,E5,39.7,33.9,28.8,4.3,0.4,57.9,22.7,58.8,30.5,3.7,3.9,77.7,25.6,12.7,88.7,1.1,45,96.1,80,45,0,50,50,33.3,5.4,31.1,53.2,9.1,37.2,72.3,14.5,94.5,88.4,91.9,2,6.1,0,0,30.3,25,75,0,0,35.6,50,35.1,33.3,46.7,55.6,19.3,44.4,0,57.5,55.7,28.8,18.9,100,75,64.5,100,60,50,66.7,57.7,52.5,52.4,0,0,0,0,50,66.7,100,100,50,0
Botswana,E1,n/a,n/a,n/a,41.5,3.7,100,n/a,n/a,n/a,1.8,1.6,57.6,3.3,2.6,54.8,0.3,n/a,96.1,82,40,n/a,n/a,n/a,n/a,28.8,n/a,72.1,74.9,n/a,n/a,45.7,92.1,82.1,98.6,n/a,13.8,0,0,n/a,n/a,n/a,n/a,n/a,n/a,n/a,n/a,n/a,n/a,n/a,38.1,n/a,n/a,n/a,n/a,85.4,61.4,n/a,n/a,n/a,n/a,n/a,n/a,n/a,n/a,n/a,n/a,n/a,n/a,n/a,n/a,n/a,n/a,n/a,n/a,100,n/a
Botswana,E2,45.6,43,55.8,43.5,5.8,100,49.4,80.2,21.4,3.2,2.5,69.5,5.3,3.2,65.1,0.6,46.5,96.1,84,64,0,100,0,0,28.3,48.4,65.4,31.4,43.4,82.2,50.7,96.6,82.7,98.6,4.6,13.8,0,0,44.5,38.9,50,66.7,0,50.1,50,70.3,100,66.7,44.4,42.8,26.7,0,51.5,68.2,85.4,62.2,100,25,33.9,0,8.6,50,51.9,34.6,58.3,52.4,0,0,0,0,100,66.7,100,0,100,0
Botswana,E3,48.8,44.4,57.3,45.5,3.1,100,47.6,90.4,26,4,3.1,75.8,12.4,5.5,80.5,0.8,45.7,94.1,80,64,0,100,0,0,27.8,48.4,65.4,31.4,46.5,88.1,59.7,97.6,96.6,98.6,4.8,14.4,0,0,43.5,38.9,50,66.7,0,48,50,51.4,100,66.5,40.6,42.8,33,0,61.1,68.2,85.4,62.2,100,25,59.1,100,36.1,58.4,61.3,40.4,58.3,56,25,0,100,0,100,66.7,100,0,100,0
Botswana,E4,53.4,46.3,56.4,45.5,3.8,100,52.6,80.2,29.1,4.6,3.8,77,22.5,8.6,86.4,0.8,51.8,94.1,95,65,0,100,0,33.3,27.2,47.9,69.3,26.4,55,89.1,63.2,97.9,96.6,98.6,20.9,12.8,50,0,53.3,58.3,75,100,0,48.3,50,45.9,66.7,66.7,83.3,40.7,33.3,0,59,68.2,85.4,62.2,100,25,48,100,25.7,65.6,37,34.6,25.1,60.7,25,0,100,0,100,100,100,0,100,0
Botswana,E5,50.7,49.6,60.9,63.4,4.6,100,48.9,87.4,30.7,3.9,3.3,77.1,32,12.6,85.1,0.8,58.6,94.1,96,68,0,100,50,33.3,27.7,48.3,68,28.6,55.5,90,66.4,98.4,96.6,98.6,20.9,12.8,50,0,33.3,25,75,0,0,41.6,50,43.2,66.7,26.7,61.1,40.7,44.4,0,64.5,80.7,85.4,62.2,100,75,52.2,100,28.6,75,40.7,19.2,49.5,60.7,25,0,100,0,100,100,100,0,100,0
Brazil,E1,n/a,n/a,n/a,50.8,26.6,96.1,n/a,n/a,n/a,2.4,6.2,79.2,13.2,8.9,62.3,0.8,n/a,87.3,93.5,72.1,n/a,100,100,n/a,7.4,n/a,100,97.3,n/a,n/a,47.6,97.8,97.8,99.7,n/a,9.5,100,100,n/a,n/a,50,100,100,n/a,100,n/a,100,n/a,n/a,57,n/a,n/a,n/a,n/a,90.1,48.8,100,50,n/a,0,n/a,n/a,n/a,n/a,n/a,n/a,n/a,n/a,n/a,n/a,100,33.3,100,n/a,0,n/a
Brazil,E2,64.4,64.1,65.9,53.8,27.8,88.5,82.3,77.4,28.6,2.7,7.6,83.2,18.4,11.1,76.1,0.9,63.1,91.4,95.2,75.4,0,100,100,33.3,9.5,98.7,100,97.3,77.4,84.7,46.1,97.4,96,99.3,70.1,10.4,100,100,63.5,61.1,50,33.3,100,65.9,100,62.2,100,93.3,88.9,63.2,20,0,52.5,60.2,91.1,49.6,100,0,56.9,0,65.7,43.8,70.4,61.5,100,40.5,50,100,0,0,100,33.3,100,0,0,0
Brazil,E3,69.5,66.1,68.8,60.7,29.7,76.6,92.7,84.4,32.3,4.1,10.5,85.5,26.8,15.5,82.7,1,64.3,91.8,95.5,83.1,0,100,100,33.3,10.4,99,100,98.1,77,83.6,43.5,98.9,92.7,99.3,70.4,11.3,100,100,74.4,83.3,50,100,100,65.4,100,64.9,100,66.7,88.9,63.2,40,0,60.6,60.5,91.5,50.4,100,0,61.7,100,34.3,37.5,51.9,76.9,69.8,59.5,50,100,0,0,100,66.7,100,0,100,0
Brazil,E4,73.3,69.8,68.6,66.6,31.8,70.1,86.9,87.4,36.6,8,17.7,90.1,33.5,19.5,86.1,1,74.6,91.8,95.5,83.1,50,100,100,66.7,10.1,99.3,100,98.6,76.1,81.6,36.2,98,92.7,99.3,70.7,12.1,100,100,82.2,88.9,100,66.7,100,75.6,100,64.9,66.7,66.7,88.9,57.7,60,100,65.1,60.5,91.6,50.4,100,0,67,100,62.9,53.1,44.4,76.9,64.5,67.9,75,100,0,100,100,100,100,0,100,0
Brazil,E5,73.4,71.7,66.8,66.6,33.3,65.9,86.5,81.6,40.6,14.3,27,92.3,36.6,23.2,90.1,1,79.9,82.8,91.1,88.8,100,100,100,66.7,10,99.6,99.7,99.6,79.8,88.5,63.4,98.7,92.7,99.3,71,13,100,100,81.7,88.9,100,66.7,100,74.5,100,73,66.7,54,84.2,57.7,60.4,100,60.5,60.5,91.6,50.4,100,0,53.3,100,60.9,30.8,34.1,46.7,47.2,67.9,75,100,0,100,100,100,100,0,100,0
Bulgaria,E1,n/a,n/a,n/a,59,47.8,97.7,n/a,n/a,n/a,11.6,16.8,91.2,35,18.5,89.4,5,n/a,100,100,56.7,n/a,n/a,n/a,n/a,44.4,n/a,100,100,n/a,n/a,43.6,95.1,98.5,99.5,n/a,13.1,50,100,n/a,n/a,n/a,n/a,n/a,n/a,n/a,n/a,n/a,n/a,n/a,57.2,n/a,n/a,n/a,n/a,98,81.9,n/a,n/a,n/a,n/a,n/a,n/a,n/a,n/a,n/a,n/a,n/a,n/a,n/a,n/a,n/a,n/a,n/a,n/a,100,n/a
Bulgaria,E2,69.7,72.3,75.6,63.4,50.6,95.5,86.8,81.6,42.8,14,20.1,92.7,48,24.4,93.8,6.9,70.6,100,100,86.8,0,100,100,33.3,44.6,100,100,100,69.5,84.5,44.8,95.1,98.6,99.5,54.5,13.5,50,100,76.1,83.3,50,100,100,68.9,100,83.8,100,73.3,88.9,67.5,37.8,0,61,70,98,81.9,100,0,46.5,100,28.6,37.5,44.4,38.5,29.8,66.7,50,100,0,0,50,66.7,100,100,100,0
Bulgaria,E3,69.5,73.2,75,67.2,53.9,90.1,79.5,84.3,45.5,15.5,21.4,92.6,54.9,32.4,96.1,6,72.2,100,100,99.3,0,100,100,33.3,44.9,100,100,100,60.8,83.6,41.5,95.1,98.3,99.5,38,14,50,50,76.2,83.3,50,100,100,69.1,100,78.4,100,66.7,88.9,67.5,51.1,0,67.8,82.5,98,81.9,100,50,43.4,100,37.1,28.1,14.8,46.2,34.4,77.4,75,100,100,0,100,66.7,100,100,100,0
Bulgaria,E4,75.3,76.5,76.8,72,57.6,89,83.8,81.6,50.5,18,24.4,94.2,62.7,42.1,97,15.2,78.5,100,100,99.7,50,100,100,33.3,45.3,100,100,100,60.2,82.3,36.2,95.1,98.3,99.5,38.1,14.2,50,50,93.2,100,100,100,100,86.3,100,75.7,100,83.3,88.9,80.6,62.2,100,71.3,82.5,98,81.9,100,50,39.8,100,28.6,25,37,23.1,25.4,91.7,75,100,100,0,100,66.7,100,100,100,100
Bulgaria,E5,73.6,76.8,78.2,75,61.4,86.3,85.3,83,55.7,21.4,27.5,94.5,68.9,63.6,98.2,16.2,73.5,100,100,99.9,50,100,50,33.3,54.6,100,100,100,63.3,88.3,57,98.2,98.3,99.5,38.3,15,50,50,84.4,100,100,100,100,68.8,100,37.8,100,50,33.3,80.6,48.9,100,69.9,82.5,98,81.9,100,50,35.4,100,37.1,18.8,29.6,7.7,19.4,91.7,75,100,100,0,100,66.7,100,100,100,100
Burkina Faso,E1,n/a,n/a,n/a,7.2,0.1,50,n/a,n/a,n/a,0.7,0.2,13.6,9.9,5.9,50.5,0.1,n/a,86.3,10,0,n/a,0,0,n/a,3.5,n/a,50.9,1,n/a,n/a,0,76.8,77.7,81.8,n/a,6.1,50,0,n/a,n/a,50,33.3,0,n/a,100,n/a,66.7,n/a,n/a,12.7,n/a,n/a,n/a,n/a,19.2,0,100,50,n/a,100,n/a,n/a,n/a,n/a,n/a,n/a,n/a,n/a,n/a,n/a,50,33.3,100,n/a,50,n/a
Burkina Faso,E2,38.4,19.7,30.4,10.3,0.1,52.8,43.1,45.3,7.2,1.2,0.6,24.8,0,0,23.8,0.2,14.1,86.3,23,0,0,0,0,0,3.4,27.1,53.2,1.1,39.5,60.4,2.4,78.2,80.2,80.7,18.7,6.1,50,0,47.4,44.4,50,33.3,50,50.3,100,35.1,66.7,86.7,88.9,16.1,8.9,0,47,42.5,19.2,0.8,100,50,50.9,100,22.9,50,44.4,34.6,53.2,47.6,0,0,0,0,50,33.3,100,100,50,0
Burkina Faso,E3,36.6,20.8,33.6,12.6,0.1,63.7,29.2,62.5,7.6,1.5,0.9,22.1,2.3,1.3,24.8,0.2,14.7,86.3,28.2,0,0,0,0,0,3.3,27.1,53.2,1.1,41.9,65,12.1,77.2,81.3,89.2,18.8,6.3,50,0,40.8,44.4,50,33.3,50,37.2,50,45.9,66.7,76.7,0,16.1,42.2,0,42.8,19.6,19.2,0.8,33.3,25,54.1,100,40,68.8,37,34.6,44.2,54.8,0,0,0,0,50,33.3,100,100,100,0
Burkina Faso,E4,41.5,29.3,45.3,12.6,0.1,68.1,75,70.5,22,2.2,2.2,48.3,21.4,6,73.4,0.2,19.5,86.3,33,0,0,0,0,33.3,3.2,30.4,59.6,1.2,43.7,68.7,16.4,88,81.3,89.2,18.7,6.1,50,0,39.9,25,75,0,0,54.9,50,37.8,33.3,70,66.7,16.9,64.4,100,53.1,34.3,27.3,1.6,33.3,75,60.6,100,68.6,46.9,44.4,69.2,34.4,64.3,0,0,0,0,50,100,100,100,100,0
Burkina Faso,E5,39.6,31.5,38.3,12.6,0.1,70.3,47.6,60.6,29.6,2.7,4.3,67.2,40.8,16.5,75.3,0.2,24.8,86.3,48.4,26.9,0,0,0,33.3,3.1,33.3,65,1.5,44,69.2,16.8,89.7,81.3,89.2,18.7,6.1,50,0,35.1,25,75,0,0,45.3,50,35.1,33.3,43.3,38.9,16.9,44.4,100,48,34.3,27.3,1.6,33.3,75,50.1,100,45.7,40.6,40.7,53.8,19.4,59.5,0,0,0,0,50,66.7,100,100,100,0
Burundi,E1,n/a,n/a,n/a,1.7,0.1,19.6,n/a,n/a,n/a,2.3,1.4,62,9.9,5.9,50.5,0.2,n/a,6.9,0,0,n/a,n/a,n/a,n/a,6.2,n/a,19,1.7,n/a,n/a,0,53.5,0,0,n/a,6.1,0,0,n/a,n/a,n/a,n/a,n/a,n/a,n/a,n/a,n/a,n/a,n/a,8.1,n/a,n/a,n/a,n/a,52.5,11.8,n/a,n/a,n/a,n/a,n/a,n/a,n/a,n/a,n/a,n/a,n/a,n/a,n/a,n/a,n/a,n/a,n/a,n/a,100,n/a
Burundi,E2,n/a,n/a,n/a,3,0.1,21.5,35.5,63.4,n/a,2,1.6,62.7,14.2,7.6,69.5,0.2,n/a,0,11,0,n/a,n/a,n/a,n/a,6,n/a,27.4,6.1,n/a,n/a,0,53.5,58.7,0.2,n/a,6.1,0,0,n/a,n/a,n/a,n/a,n/a,n/a,n/a,n/a,n/a,n/a,n/a,7.5,n/a,n/a,n/a,n/a,52.5,12.6,n/a,n/a,n/a,n/a,n/a,n/a,n/a,n/a,n/a,n/a,n/a,n/a,n/a,n/a,n/a,n/a,n/a,n/a,100,n/a
Burundi,E3,n/a,n/a,n/a,0,0.1,25.1,24.4,64.6,n/a,2.1,1.9,75.3,18.1,8.4,74,0.7,n/a,2,39,11,n/a,n/a,n/a,n/a,5.9,n/a,27.4,6.1,n/a,n/a,0,79.5,95.8,7.9,n/a,6.3,0,0,n/a,n/a,n/a,n/a,n/a,n/a,n/a,n/a,n/a,n/a,n/a,7.5,n/a,n/a,n/a,n/a,60.9,12.6,n/a,n/a,n/a,n/a,n/a,n/a,n/a,n/a,n/a,n/a,n/a,n/a,n/a,n/a,n/a,n/a,n/a,n/a,0,n/a
Burundi,E4,27,25.3,24.5,0,0.1,26.9,45.2,50.5,29.3,2.8,2.4,80.4,25.9,11.5,81.2,0.7,14.2,9.1,44.5,20.9,0,0,0,33.3,5.7,33.2,64.8,1.6,23.9,45.7,0,79.1,95.8,7.9,2,6.1,0,0,33.1,25,75,0,0,41.2,50,59.5,33.3,56.7,83.3,6.4,40,0,25.7,18.6,60.9,13.4,0,0,22.8,0,31.4,15.6,29.6,34.6,25.4,35.7,0,0,0,0,0,100,100,0,50,0
Burundi,E5,28.5,26,24.5,0,0.1,27,45.2,50.5,31.7,3.4,2.6,82.9,32.5,14.9,84.9,0.7,15.5,12.1,48,25,0,0,0,33.3,5.5,32.1,62.2,1.9,23.8,45.7,0,79,95.8,7.9,2,6.1,0,0,28.7,25,75,0,0,32.3,50,24.3,33.3,36.7,50,6.4,57.8,0,35.4,31.1,60.9,13.4,0,50,32.4,0,45.7,31.3,44.4,38.5,34.4,42.9,0,0,0,0,50,100,100,0,50,0
Cambodia,E1,n/a,n/a,n/a,5.8,1.2,100,n/a,n/a,n/a,4.6,3.2,86.8,22.1,6.4,82.3,1.8,n/a,98,70,30,n/a,0,50,n/a,8.1,n/a,96.6,17.9,n/a,n/a,6.5,96.8,96.5,96.1,n/a,26.3,50,0,n/a,n/a,50,66.7,50,n/a,100,n/a,0,n/a,n/a,17.7,n/a,n/a,n/a,n/a,75.9,26,66.7,0,n/a,0,n/a,n/a,n/a,n/a,n/a,n/a,n/a,n/a,n/a,n/a,50,66.7,0,n/a,50,n/a
Cambodia,E2,47.2,47.1,46.2,19.8,1.3,96.3,46.9,66.9,33.5,5.8,3.6,90.2,35.2,8.9,89.9,0.6,35.8,98,80,50,0,0,50,0,8.1,73.1,96.6,49.6,52.2,79.2,26.5,97,96.8,96.4,25.3,25.8,50,0,51.4,55.6,50,66.7,50,47.3,100,40.5,0,73.3,94.4,27.8,42.2,0,38.2,56.7,75.9,26,100,25,34.1,0,60,43.8,40.7,19.2,40.8,23.8,0,0,0,0,50,66.7,0,0,50,0
Cambodia,E3,49.3,51.2,45.5,21.1,1.8,86.1,55.4,63,36.5,7.2,5.6,91.3,45.1,12.9,92.4,1.1,49.7,98,83.9,57.5,0,100,50,0,8,73.1,96.6,49.6,52.7,80.2,30,97,97,96.7,25.2,25.5,50,0,51.3,55.6,50,66.7,50,47.1,100,51.4,66.7,66.7,22.2,27.8,42.2,0,41.9,56.9,75.9,26.8,100,25,23.4,0,31.4,25,40.7,19.2,24.2,45.2,0,0,0,0,50,66.7,0,100,100,0
Cambodia,E4,56.3,57.5,49,35.2,2.2,89.6,52.9,65.1,36.2,8.8,7.6,92,42.5,11,89.9,1.6,63.1,98,85.1,80.3,50,100,50,33.3,7.8,81.7,100,63.5,52.6,80.6,31.5,97.3,97,96.7,24.6,23.9,50,0,62.4,72.2,100,66.7,50,52.6,50,75.7,33.3,63.3,88.9,29.8,80,0,52.5,56.9,75.9,26.8,100,25,40.9,0,88.6,40.6,44.4,34.6,37.4,59.5,0,0,0,0,50,66.7,100,100,100,0
Cambodia,E5,57,58.3,54.4,40.8,2.4,99.9,63.3,65.3,38.6,11.2,10,93.7,47.3,14.3,92.2,1.6,56.8,98,85.1,80.3,50,50,50,33.3,7.7,83.4,100,66.8,53.2,82,36.8,97.5,97,96.7,24.5,23.5,50,0,60,72.2,100,66.7,50,47.9,50,43.2,66.7,50,61.1,29.8,82.2,0,56.6,56.9,75.9,26.8,100,25,42.6,0,68.6,43.8,48.1,57.7,37.4,70.2,25,0,0,100,100,66.7,100,100,100,0
Cameroon,E1,n/a,n/a,n/a,8.3,0.2,48.2,n/a,n/a,n/a,1.8,1.9,45.2,9.6,5.6,26.2,0.1,n/a,64.5,65,0.1,n/a,0,0,n/a,2.7,n/a,86,16.7,n/a,n/a,23.4,90.1,82.7,88,n/a,7.2,50,50,n/a,n/a,50,33.3,50,n/a,50,n/a,66.7,n/a,n/a,18.2,n/a,n/a,n/a,n/a,64.5,36.2,66.7,0,n/a,0,n/a,n/a,n/a,n/a,n/a,n/a,n/a,n/a,n/a,n/a,0,0,100,n/a,100,n/a
Cameroon,E2,43.7,36.3,34.3,10.2,3.2,48.5,40.1,69.6,24.5,2.5,3.4,69.6,16.6,8.8,70.3,0.1,29.4,66.3,65,0.8,0,100,0,0,2.7,57.1,93.5,20.7,55.6,75.7,27.8,90.2,91,93.8,35.6,6.7,50,50,44,44.4,50,33.3,50,43.6,100,5.4,66.7,73.3,66.7,34.3,2.2,0,39,50.4,64.5,37,100,0,28.6,0,0,53.1,66.7,34.6,17,38.1,0,0,0,0,0,66.7,100,0,100,0
Cameroon,E3,48.7,41.2,41.6,21.5,3.3,52.2,62,69.2,27.4,2.5,3.5,74.1,22.6,10.8,78.1,0.1,38.5,70.1,69.3,65.9,0,100,0,0,2.7,57.3,95.4,19.2,58.2,80.7,43.4,95.3,90.5,93.5,35.7,7,50,50,47.3,44.4,50,33.3,50,50.2,100,45.9,66.7,83.3,44.4,34.3,26.7,0,48.3,57,64.5,38.6,100,25,42.7,0,22.9,65.6,74.1,80.8,12.6,45.2,0,0,0,0,50,66.7,100,0,100,0
Cameroon,E4,47,43.5,46,21.5,3.3,43.5,75.8,86.1,26,2.1,3,61.1,25.3,9.9,80.9,0.1,35.9,91.8,77.3,65.5,0,50,0,0,2.5,66,98.9,33.1,50.2,81.3,45.6,95.6,90.5,93.5,19.1,7.4,50,0,47.3,52.8,75,33.3,50,41.9,100,29.7,33.3,33.3,61.1,31,46.7,0,46.9,50.5,71.7,38.6,66.7,25,41.3,0,51.4,50,48.1,50,48.3,48.8,25,50,0,0,50,66.7,100,0,100,0
Cameroon,E5,44.7,43.7,44.9,21.5,3.3,52.9,72.8,74,28.8,2.5,3,64.5,30.5,12.7,88.3,0.1,36,92.7,77.3,65.5,0,50,0,0,2.5,65,98.1,32,49.3,79.7,38,96.8,90.5,93.5,18.9,6.8,50,0,44,52.8,75,33.3,50,35.2,100,13,33.3,48.2,12.8,31,43.4,0,41.8,50.5,71.7,38.6,66.7,25,26,0,41.6,30.2,57.8,11.2,15.3,48.8,25,50,0,0,50,66.7,100,0,100,0
Canada,E1,n/a,n/a,n/a,86.9,77.6,52.8,n/a,n/a,n/a,6.4,18.9,83.6,33.2,23.6,72.7,2.1,n/a,98.6,99.3,97.4,n/a,100,100,n/a,19.5,n/a,100,100,n/a,n/a,70.8,98.5,98.4,99.6,n/a,93.5,100,100,n/a,n/a,50,33.3,100,n/a,100,n/a,100,n/a,n/a,89.2,n/a,n/a,n/a,n/a,100,92.9,66.7,50,n/a,100,n/a,n/a,n/a,n/a,n/a,n/a,n/a,n/a,n/a,n/a,50,0,100,n/a,0,n/a
Canada,E2,71.6,71.3,75.3,87.4,78.4,54.7,83.8,72.2,40.6,7.5,26.4,87.6,38.7,31.9,90.1,2.2,69.1,98.8,99.4,98.5,0,100,100,33.3,22.8,100,100,100,95.3,92,71.5,98.5,98.4,99.6,98.6,95.9,100,100,61.9,61.1,50,33.3,100,62.6,100,58.9,100,64.5,53.9,95.3,28.3,0,58,71.3,100,93.7,66.7,25,49.2,100,38.1,55.8,26.3,17.3,57.4,53.6,75,100,0,100,100,0,100,100,0,0
Canada,E3,73.7,73.3,78.4,89,80.8,56.5,82.8,83,46,11.9,35.6,88.2,45.9,45.6,92.3,2.4,68.9,98.8,99.4,99,0,100,100,33.3,20.9,100,100,100,96.2,92.8,74.4,98.5,98.3,99.8,99.7,99,100,100,64.3,61.1,50,33.3,100,67.5,100,47.4,100,71,78.3,95.3,47.8,0,61,71.3,100,93.7,66.7,25,48.5,100,55.6,39.2,28.7,30,37.6,63.1,75,100,0,100,100,66.7,100,100,0,0
Canada,E4,82.3,77.9,77.1,89,83.1,59.8,79.8,73.6,54,20,53.3,91,55.2,62.2,93.7,2.4,80.5,99,99.5,99.3,50,100,100,66.7,29.2,100,100,100,93.9,93.1,75.7,98.5,98.3,99.8,94.7,84.2,100,100,80.1,77.8,100,33.3,100,82.4,100,73,66.7,70,83.3,95.1,71.1,100,77.4,85.9,100,93.7,100,50,60.5,100,60,56.3,37,26.9,82.6,85.7,100,100,100,100,100,100,100,100,0,100
Canada,E5,81.1,80.7,79,89,87.1,62.1,81.8,75,57.2,25.9,62.4,90.7,53.2,70.9,94.4,2.4,86.7,99.4,99.5,99.5,100,100,100,66.7,28.9,100,100,100,94.8,95.4,84.3,99,98.3,99.8,94.2,82.7,100,100,74.1,77.8,100,33.3,100,70.4,100,57.3,66.7,14.7,75.6,95.1,53.8,100,74.7,85.9,100,93.7,100,50,52.5,100,45.1,54.1,30.7,36.2,48.9,85.7,100,100,100,100,100,100,100,100,0,100
Chile,E1,n/a,n/a,n/a,69.8,32.3,99.1,n/a,n/a,n/a,2.1,10.9,80,29.5,14.9,81,3.6,n/a,92.2,90,76,n/a,100,0,n/a,3.6,n/a,99.8,97.8,n/a,n/a,75.6,96,97.6,99.4,n/a,23.8,50,100,n/a,n/a,50,66.7,100,n/a,100,n/a,100,n/a,n/a,61.3,n/a,n/a,n/a,n/a,96.2,69.3,100,75,n/a,100,n/a,n/a,n/a,n/a,n/a,n/a,n/a,n/a,n/a,n/a,100,66.7,100,n/a,100,n/a
Chile,E2,76.5,68.4,75.7,79.2,34,98,86.7,80.4,34,2.8,13.5,82.5,31.5,14.1,89.7,3.7,63.8,92.2,95,79,0,100,100,33.3,10.7,100,100,100,83.4,92,74.6,96,98,99.3,74.7,24.2,100,100,75.6,83.3,50,100,100,67.8,100,78.4,100,86.7,61.1,65.3,51.1,0,78.8,85.3,96.2,70.1,100,75,70,100,45.7,68.8,66.7,73.1,65.7,81,100,100,100,100,100,66.7,100,100,100,0
Chile,E3,73.9,69.7,77.7,87.5,35.4,94.6,86.7,84.3,36.3,3.8,20.2,84.8,34.5,14.6,92.1,4.3,64.9,92.2,95,88,0,100,100,33.3,10.6,100,100,100,82.2,89.7,65.6,96,97.9,99.2,74.8,24.4,100,100,68.6,72.2,50,66.7,100,65.1,100,69.6,100,55.8,68.1,65.3,61.7,0,75.1,79.1,95.6,70.9,100,50,65.2,100,65.1,53,60,44,69.2,81,100,100,100,100,100,66.7,100,100,100,0
Chile,E4,81.5,72.8,78.3,87.5,37,100,82.5,84.3,41.1,7.4,31.7,90,44.5,16.9,93,4.3,71.8,98,95,88,50,100,100,33.3,10.2,100,100,100,82.6,91,71.1,96,97.9,99.2,74.2,22.6,100,100,90.2,100,100,100,100,80.5,100,48.6,100,76.7,94.4,68.5,55.6,100,80.2,79.1,95.6,70.9,100,50,65.1,100,77.1,56.3,63,53.8,40.5,96.4,75,100,0,100,100,100,100,100,100,100
Chile,E5,80.5,73.7,77.9,87.5,38.6,100,80.3,83,46,19.9,49.3,90.5,48,16.8,93.1,4.3,71,98,95,88,50,100,100,33.3,3.4,100,100,100,82,90.5,66,98.9,97.9,99.2,73.5,20.5,100,100,85.4,100,100,100,100,70.9,100,34.2,100,41.5,72.8,68.5,50,100,80.9,85.4,95.6,70.9,100,75,57.3,100,69.6,17.8,54.3,48.8,53.5,100,100,100,100,100,100,100,100,100,100,100
China,E1,n/a,n/a,n/a,54.1,42,62,n/a,n/a,n/a,5.7,15.2,86.4,42.5,28.3,76.5,0.2,n/a,99,95,85,n/a,100,0,n/a,0.3,n/a,100,99.8,n/a,n/a,59.6,95.6,98.1,99.2,n/a,15.3,0,50,n/a,n/a,50,100,100,n/a,100,n/a,66.7,n/a,n/a,49.4,n/a,n/a,n/a,n/a,99.8,49.6,100,25,n/a,100,n/a,n/a,n/a,n/a,n/a,n/a,n/a,n/a,n/a,n/a,100,66.7,0,n/a,100,n/a
China,E2,63.8,65.2,65.8,55.4,48.6,66.7,79.5,79.1,41.5,6.9,23.5,91.2,50.8,31.2,86.5,0.5,53.5,99,98,97,0,100,0,33.3,0.3,100,100,100,55,88,58.4,95.9,98.3,99.3,22,16.1,0,50,65.2,72.2,50,66.7,100,58.2,100,73.9,66.7,67.7,72.8,61,23.9,0,69.9,68.8,99.8,50.4,100,25,77.8,100,89.3,94.4,68.7,48.8,65.4,63.1,75,100,0,100,100,66.7,100,0,100,0
China,E3,64,67.1,70.4,59.5,59.1,73.5,80.9,79.1,44.4,10.2,34.5,92.9,52.8,29.3,90.5,0.9,53.6,99,98,98,0,100,0,33.3,0.4,100,100,100,55.5,88.7,59.2,97.9,98.4,99.4,22.2,16.6,0,50,67.6,72.2,50,66.7,100,63,100,78.4,66.7,53.3,55.6,61,88.9,0,66,68.8,99.8,50.4,100,25,66,100,60,65.6,48.1,57.7,64.5,63.1,75,100,0,100,100,66.7,100,0,100,0
China,E4,74,73.7,76.3,59.5,60.9,85.6,91.5,84.3,47.6,14.1,41.5,93.2,58.1,33.4,91.9,0.9,70.7,99.8,99.4,99.4,100,100,0,66.7,0.3,100,100,100,54.4,86.9,50.9,98.9,98.4,99.4,21.9,15.7,0,50,92.8,100,100,100,100,85.6,100,89.2,66.7,70,88.9,70.4,100,100,75.3,68.1,96,51.2,100,25,80.5,100,100,93.8,63,34.6,91.6,77.4,75,100,0,100,100,66.7,100,0,100,100
China,E5,73.5,77.4,78.4,59.5,66.8,91.8,91.1,83,60.3,16.7,54.7,94.6,84.6,74.3,96.2,0.9,70.8,99.8,99.9,99.9,100,100,0,66.7,0.3,100,100,100,55.9,90.2,63.7,99.5,98.4,99.4,21.6,14.7,0,50,86.6,100,100,100,100,73.1,100,45,66.7,50.8,58.1,70.4,94,100,74.3,68.1,96,51.2,100,25,77.4,100,66.3,89.8,72.6,68.5,67.1,77.4,75,100,0,100,100,66.7,100,0,100,100
Colombia,E1,n/a,n/a,n/a,41.6,24.8,90.6,n/a,n/a,n/a,1.2,2.8,81.2,26.2,11,52.8,3.6,n/a,100,100,81,n/a,100,100,n/a,2.6,n/a,99.8,90.3,n/a,n/a,56.9,96.9,97.3,99.4,n/a,10.9,50,100,n/a,n/a,25,0,50,n/a,100,n/a,100,n/a,n/a,44.5,n/a,n/a,n/a,n/a,92.8,52.8,100,25,n/a,100,n/a,n/a,n/a,n/a,n/a,n/a,n/a,n/a,n/a,n/a,100,66.7,100,n/a,100,n/a
Colombia,E2,65.4,63.1,63.4,45.6,26.2,91.8,73.1,80.2,29.7,1.6,3.6,79.9,29.5,12.6,75.6,5.2,66,100,100,92,0,100,100,33.3,2.6,93.5,100,86.9,69.8,86.2,53.8,95.5,96.6,99,53.3,10,50,100,58.4,52.8,25,33.3,100,64,100,64.9,100,73.3,88.9,55.7,28.9,0,70.5,61.9,93.4,54.3,100,0,79.3,100,80,96.9,100,19.2,79.5,70.2,25,0,100,0,100,66.7,100,100,100,0
Colombia,E3,66.8,64.7,68,49.8,27.6,97.2,83.8,81.5,32.2,2.5,5.4,79.1,32.8,14.1,86.3,5.3,66.3,100,100,96,0,100,100,33.3,1.3,92.3,100,84.6,71.7,90.1,69.5,96,96.2,98.9,53.3,9.8,50,100,60.3,61.1,50,33.3,100,59.6,100,48.6,100,66.7,72.2,55.7,33.3,0,70.4,74.4,93.4,54.3,100,50,63,100,60,62.5,63,46.2,46.2,73.8,50,50,100,0,100,66.7,100,100,100,0
Colombia,E4,72.2,62.7,65.5,52.6,28.7,99.9,66.2,80,34.7,4.4,8.9,83.3,38,15.4,87.6,5.3,58.4,100,100,98,0,100,0,66.7,2.5,92.3,99.1,85.4,69.8,86.5,53.9,97.2,96.2,98.9,53.1,9.4,50,100,81.8,88.9,100,66.7,100,74.6,100,67.6,66.7,76.7,66.7,61.6,57.8,100,74.5,74.6,93.9,54.3,100,50,56.1,100,68.6,43.8,40.7,30.8,52.5,92.9,50,50,100,0,100,100,100,100,100,100
Colombia,E5,74,67.1,68.2,52.1,29.4,100,79.5,80,36.8,6.8,14.2,83.6,40.6,16.5,90,6.1,70.9,100,100,98,100,100,0,66.7,2.5,92.5,99.4,85.5,69.9,86.7,54.8,97,96.2,98.9,53.1,9.4,50,100,81,88.9,100,66.7,100,73.2,100,64.3,66.7,52.7,78.6,61.6,61.7,100,77.8,74.6,93.9,54.3,100,50,58.8,100,65.1,47,42.2,55.2,43.2,100,100,100,100,100,100,100,100,100,100,100
Congo (DRC),E1,n/a,n/a,n/a,2.1,0,19.9,n/a,n/a,n/a,0.5,0.1,0,1.5,2.1,2,0,n/a,2,20,0,n/a,0,0,n/a,0.8,n/a,39.6,1.6,n/a,n/a,5.9,16.4,19.7,0,n/a,6.1,100,0,n/a,n/a,50,33.3,50,n/a,100,n/a,66.7,n/a,n/a,19.9,n/a,n/a,n/a,n/a,71.8,36.2,33.3,0,n/a,50,n/a,n/a,n/a,n/a,n/a,n/a,n/a,n/a,n/a,n/a,0,0,100,n/a,0,n/a
Congo (DRC),E2,33,12.1,16.3,2.5,0,7.2,29.7,42,8.7,0.8,0.7,22,2.8,2.9,31.4,0,2.8,2,20,0,0,0,0,0,0.8,20.7,41.4,0,33.3,31.2,8.6,16.4,99.9,0,35.4,6.1,100,0,46.6,44.4,50,33.3,50,48.7,100,51.4,33.3,90,72.2,13.9,28.9,0,40,35.5,71.6,37,33.3,0,70.1,50,85.7,65.6,77.8,65.4,76.2,14.3,0,0,0,0,0,0,100,0,0,0
Congo (DRC),E3,31.5,15.8,20,1,0,13.9,42.9,42,16.2,1.1,1.4,40.5,8.3,5.1,56.8,0,5.3,2,40,0,0,0,0,0,0.8,21.6,43.1,0,34.1,32.7,14.4,16.4,99.9,0,35.4,6.3,100,0,39.3,44.4,50,33.3,50,34.2,50,40.5,33.3,70,27.8,13.9,37.8,0,37,50.1,71.6,37,66.7,25,46.7,50,28.6,62.5,55.6,34.6,48.9,14.3,0,0,0,0,0,0,100,0,0,0
Congo (DRC),E4,35.4,18.5,20,1,0,13.8,42.9,42,20.3,1.8,2.7,40.6,18.3,7.3,71.2,0,11.2,5.9,50,0,0,0,0,33.3,0.8,22.5,44.9,0.1,33.5,31.6,9.9,16.4,99.9,0,35.4,6.1,100,0,48,52.8,75,33.3,50,43.3,50,32.4,33.3,33.3,88.9,11.6,46.7,50,41.8,51.4,71.6,42.5,66.7,25,45.3,50,37.1,50,55.6,53.8,25.4,28.6,0,0,0,0,0,100,100,0,0,0
Congo (DRC),E5,37.2,19.1,19.8,1,0,13.2,42.9,42,21.7,1.8,2,22.4,30.2,11.5,83.8,0,12.3,9.8,54,0,0,0,0,33.3,1.5,22.5,44.9,0.1,40.3,45.2,11.3,69.4,99.9,0,35.4,6.1,100,0,44,47.2,75,66.7,0,40.8,50,59.2,33.3,27,46.7,11.6,48.9,50,45.6,45.2,71.6,42.5,66.7,0,48.7,50,59.7,44.1,45.7,55.2,37.3,42.9,0,0,0,0,0,100,100,100,0,0
Costa Rica,E1,n/a,n/a,n/a,60.1,24.6,100,n/a,n/a,n/a,1.1,2.2,68.8,3.9,1.4,65.7,2.1,n/a,87.1,93.4,68.9,n/a,n/a,n/a,n/a,13.2,n/a,99.9,98.3,n/a,n/a,74.6,97.2,98,99.4,n/a,16.5,0,100,n/a,n/a,n/a,n/a,n/a,n/a,n/a,n/a,n/a,n/a,n/a,52.9,n/a,n/a,n/a,n/a,97,56.7,n/a,n/a,n/a,n/a,n/a,n/a,n/a,n/a,n/a,n/a,n/a,n/a,n/a,n/a,n/a,n/a,n/a,n/a,100,n/a
Costa Rica,E2,n/a,n/a,n/a,64.7,27.8,100,87.5,84.3,n/a,1.2,2.7,77.5,4.9,1.8,77.8,2,n/a,94.3,97.1,71,n/a,n/a,n/a,n/a,13.1,n/a,100,96.9,n/a,n/a,72,98.1,97.8,99.4,n/a,15.8,0,100,n/a,n/a,n/a,n/a,n/a,n/a,n/a,n/a,n/a,n/a,n/a,63.2,n/a,n/a,n/a,n/a,97,56.7,n/a,n/a,n/a,n/a,n/a,n/a,n/a,n/a,n/a,n/a,n/a,n/a,n/a,n/a,n/a,n/a,n/a,n/a,100,n/a
Costa Rica,E3,66.7,59.5,71.7,67.2,32,100,79,80.3,28,1.6,4,78.2,20.2,9.8,80.2,1.8,40.1,94.7,97.3,82.2,0,0,0,33.3,13,98.4,100,96.9,72.6,89.8,61.5,98.9,99.3,99.5,55.4,16.1,50,100,60.3,72.2,50,66.7,100,48.4,50,48.6,100,30,33.3,63.2,62.2,0,74.3,76.1,97,57.5,100,50,65.8,100,62.9,31.3,63,76.9,60.6,81,100,100,100,100,100,66.7,100,100,100,0
Costa Rica,E4,67.8,61.6,74.1,73,35.6,100,80.2,81.6,33.3,2.3,8.8,86.3,29.5,16.1,86.2,3.8,40.6,94.7,97.3,86.5,0,0,0,33.3,12.7,98.6,100,97.2,63.5,88.7,57,98.9,99.3,99.5,38.4,15.3,0,100,71.9,88.9,100,66.7,100,55,50,48.6,100,30,33.3,65.4,62.2,50,74.3,76.1,97,57.5,100,50,65.8,100,62.9,31.3,63,76.9,60.6,81,100,100,100,100,100,66.7,100,100,100,0
Costa Rica,E5,70.3,70.3,79,86.3,38.2,100,87.4,83,37.3,3.6,15.4,89.5,34.3,18.7,92.4,7.1,66.6,95.5,97.7,93.8,0,100,100,33.3,12.6,98.5,100,97,63.7,89.1,58.8,98.9,99.3,99.5,38.3,15,0,100,77,88.9,100,66.7,100,65,100,45.9,66.7,50,88.9,65.4,53.3,50,70.2,82.5,97.4,57.5,100,75,52,100,54.3,28.1,44.4,26.9,58.5,76.2,100,100,100,100,100,33.3,100,100,100,0
Côte d'Ivoire,E1,n/a,n/a,n/a,9.4,1,79.5,n/a,n/a,n/a,0.6,1.3,63.6,12.3,6.2,69.8,0.1,n/a,96,45.8,28,n/a,100,50,n/a,3,n/a,35.6,7.6,n/a,n/a,33.4,90.2,71.8,92.8,n/a,9.8,50,0,n/a,n/a,50,33.3,50,n/a,50,n/a,33.3,n/a,n/a,13.3,n/a,n/a,n/a,n/a,30.7,28.3,0,0,n/a,100,n/a,n/a,n/a,n/a,n/a,n/a,n/a,n/a,n/a,n/a,0,0,100,n/a,100,n/a
Côte d'Ivoire,E2,42.6,42.7,39.3,11.3,1.2,85.3,39.6,59,24.5,1,2.1,66.5,20.1,10.5,71.5,0.1,47.9,90.2,56.3,34,0,100,100,0,2.7,58.9,86.6,31.3,46.7,73.8,38,89.2,73.9,94.2,19.6,8.9,50,0,43.1,44.4,50,33.3,50,41.7,50,40.5,33.3,76.7,83.3,34.3,15.6,0,38.1,14.9,30.7,29.1,0,0,47,100,20,28.1,33.3,38.5,62.1,52.4,0,0,0,0,0,66.7,100,100,100,0
Côte d'Ivoire,E3,45.5,44.4,45.2,13.2,1.2,99.9,47.6,64,28.6,2,4.4,75.7,23.5,8.8,85.3,0.2,44.8,91.6,67,47,0,100,50,0,2.6,58.9,86.6,31.3,49.6,79.7,57,91.6,75.9,94.5,19.5,8.4,50,0,40.2,44.4,50,33.3,50,35.9,50,45.9,33.3,56.7,33.3,34.3,33.3,0,47.7,21.4,30.7,29.9,0,25,62.2,100,40,81.3,63,50,39.2,59.5,0,0,0,0,50,66.7,100,100,100,0
Côte d'Ivoire,E4,48.9,48,48.5,15.6,1.5,100,50.9,74.6,31.7,2.5,6.1,71.8,33.8,16.1,91.4,0.3,46.5,94.4,70,55,0,100,50,0,2.5,65.4,99.4,31.5,46.9,74.5,35.4,92.1,75.9,94.5,19.3,7.8,50,0,56.9,63.9,75,66.7,50,49.9,50,24.3,33.3,33.3,83.3,30.3,44.4,100,43.9,22.4,34.7,29.9,0,25,57,100,60,40.6,48.1,61.5,31.4,52.4,0,0,0,0,0,66.7,100,100,100,0
Côte d'Ivoire,E5,48.3,51.4,50.8,16.6,1.8,100,60.5,75,29.3,2.6,8.4,55.1,34.4,14.8,89.5,0.3,50,95.2,94.2,58.5,0,100,50,0,2.5,75.3,100,50.6,47,74.9,33.9,95.3,75.9,94.5,19.1,7.2,50,0,53.9,52.8,75,33.3,50,55,50,37.8,66.7,30,72.2,30.3,53.3,100,41.1,22.4,34.7,29.9,0,25,48.6,100,28.6,31.3,51.9,42.3,37.4,52.4,0,0,0,0,0,66.7,100,100,100,0
Croatia,E1,n/a,n/a,n/a,76.6,49.7,74.4,n/a,n/a,n/a,2.9,7.2,84.8,36.2,22.1,86.5,1.9,n/a,100,99.1,98,n/a,n/a,n/a,n/a,15,n/a,100,100,n/a,n/a,51.7,98.8,98.4,99.6,n/a,25.6,50,0,n/a,n/a,n/a,n/a,n/a,n/a,n/a,n/a,n/a,n/a,n/a,71.3,n/a,n/a,n/a,n/a,99.1,78,n/a,n/a,n/a,n/a,n/a,n/a,n/a,n/a,n/a,n/a,n/a,n/a,n/a,n/a,n/a,n/a,n/a,n/a,100,n/a
Croatia,E2,n/a,n/a,n/a,77.2,52.9,75,74.9,71.1,n/a,3.3,8.9,86.6,44.2,27.9,91.9,2.4,n/a,100,99.1,96.9,n/a,n/a,n/a,n/a,15.1,n/a,100,100,n/a,n/a,53,98.8,98.3,99.6,n/a,26.5,50,0,n/a,n/a,n/a,n/a,n/a,n/a,n/a,n/a,n/a,n/a,n/a,83.5,n/a,n/a,n/a,n/a,99.1,78.7,n/a,n/a,n/a,n/a,n/a,n/a,n/a,n/a,n/a,n/a,n/a,n/a,n/a,n/a,n/a,n/a,n/a,n/a,100,n/a
Croatia,E3,n/a,n/a,n/a,76.4,55.9,73.3,70.5,73.5,n/a,4.5,11.1,86.6,52,33.4,93.7,4.2,n/a,100,99.3,98.3,n/a,n/a,n/a,n/a,15.2,n/a,100,100,n/a,n/a,57.2,98.8,98.3,99.6,n/a,27.3,50,50,n/a,n/a,n/a,n/a,n/a,n/a,n/a,n/a,n/a,n/a,n/a,83.5,n/a,n/a,n/a,n/a,99.1,78.7,n/a,n/a,n/a,n/a,n/a,n/a,n/a,n/a,n/a,n/a,n/a,n/a,n/a,n/a,n/a,n/a,n/a,n/a,50,n/a
Croatia,E4,73.1,69.7,72,81.4,57.9,75.7,75.1,69.9,44.8,5.9,14.3,88.4,60.3,44.9,95,4.6,62.1,100,99.4,98.5,50,100,0,33.3,15.3,100,100,100,64.3,86.9,51.1,98.8,98.3,99.6,41.7,25,50,50,93.5,100,100,100,100,87,100,62.2,100,73.3,100,87,73.3,100,65.1,75.7,99.1,78.7,100,25,45.7,100,20,18.8,40.7,46.2,48.3,73.8,50,100,0,0,100,66.7,100,100,100,0
Croatia,E5,69.8,71,73.9,80.4,59.6,76.7,73.5,79.1,47.9,7.5,17.2,89,63.6,56.1,96.4,5.7,62.3,100,99.8,99.4,50,100,0,33.3,15.4,100,100,100,56.2,87.2,51.5,99.6,98.3,99.6,25.2,25.6,50,0,87,100,100,100,100,74.1,100,37.8,100,33.3,61.1,87,73.3,100,65,75.7,99.1,78.7,100,25,47.7,100,54.3,28.1,14.8,30.8,58.5,71.4,0,0,0,0,100,66.7,100,100,100,33.3
Cuba,E1,n/a,n/a,n/a,5.3,0.1,0,n/a,n/a,n/a,1.2,0.4,0,19.4,9.3,67.7,0,n/a,71.2,0,0,n/a,n/a,n/a,n/a,0,n/a,99.4,93.3,n/a,n/a,54.9,92.5,94.8,91.5,n/a,16.5,0,0,n/a,n/a,n/a,n/a,n/a,n/a,n/a,n/a,n/a,n/a,n/a,43.5,n/a,n/a,n/a,n/a,99.6,78.7,n/a,n/a,n/a,n/a,n/a,n/a,n/a,n/a,n/a,n/a,n/a,n/a,n/a,n/a,n/a,n/a,n/a,n/a,100,n/a
Cuba,E2,n/a,n/a,n/a,14.9,0.3,5.7,97.2,78.5,n/a,1.1,0.2,34.8,23.8,10.7,81.4,0,n/a,71.2,0,0,n/a,n/a,n/a,n/a,0,n/a,100,97.8,n/a,n/a,52.9,92.5,94.6,91.7,n/a,15.8,0,0,n/a,n/a,n/a,n/a,n/a,n/a,n/a,n/a,n/a,n/a,n/a,49.4,n/a,n/a,n/a,n/a,99.6,80.3,n/a,n/a,n/a,n/a,n/a,n/a,n/a,n/a,n/a,n/a,n/a,n/a,n/a,n/a,n/a,n/a,n/a,n/a,100,n/a
Cuba,E3,n/a,n/a,n/a,17.5,0.6,11.1,97.2,77.5,n/a,1.5,0.6,43.8,5.2,3.5,27.8,0,n/a,71.2,47,0,n/a,n/a,n/a,n/a,0,n/a,100,98.3,n/a,n/a,49.8,95.6,95.3,91.7,n/a,16.1,0,0,n/a,n/a,n/a,n/a,n/a,n/a,n/a,n/a,n/a,n/a,n/a,49.4,n/a,n/a,n/a,n/a,99.6,81.9,n/a,n/a,n/a,n/a,n/a,n/a,n/a,n/a,n/a,n/a,n/a,n/a,n/a,n/a,n/a,n/a,n/a,n/a,50,n/a
Cuba,E4,52.8,48.3,44.9,28,1.9,17.8,97.2,79.7,20,3,2.2,48.2,21.5,11.8,53.3,0,28.4,71.2,67,0,0,50,0,33.3,5.6,100,100,100,44.1,83.2,49.8,96,95.3,91.7,5.1,15.3,0,0,62.3,72.2,100,66.7,50,52.3,50,55,66.7,58.8,83.3,50.1,54.6,0,56.6,70.4,99.6,81.9,100,0,42.4,0,67,42.3,49.8,46.9,48.1,57.1,0,0,0,0,100,100,0,100,100,0
Cuba,E5,50.3,50.8,46.7,30.3,3.4,23.7,97.2,78.8,25.8,2.2,1.2,35.1,49,26,67.2,0.1,30.7,71.5,68,22.4,0,50,0,33.3,0,100,100,100,44.7,84.5,53.2,97.8,95.3,91.7,5,15,0,0,48.5,50,100,0,50,47,50,40.1,66.7,41.5,78.6,50.1,48.8,0,57.1,70.4,99.6,81.9,100,0,36.7,0,59.1,38.1,39.1,42.5,41.4,64.3,50,100,0,0,100,100,0,100,100,0
Czech Republic,E1,n/a,n/a,n/a,73,59.3,87.6,n/a,n/a,n/a,12.8,21.4,88.4,41.4,20.2,86,1.9,n/a,99.6,99,98.7,n/a,n/a,n/a,n/a,24,n/a,100,100,n/a,n/a,58.2,98,98.6,99.7,n/a,26.3,50,100,n/a,n/a,n/a,n/a,n/a,n/a,n/a,n/a,n/a,n/a,n/a,73.6,n/a,n/a,n/a,n/a,99.8,89,n/a,n/a,n/a,n/a,n/a,n/a,n/a,n/a,n/a,n/a,n/a,n/a,n/a,n/a,n/a,n/a,n/a,n/a,100,n/a
Czech Republic,E2,n/a,n/a,n/a,76,61.6,87.7,80.4,83,n/a,8.5,16.7,90.1,51.3,26,93.7,2,n/a,99.6,99.7,99.7,n/a,n/a,n/a,n/a,24,n/a,99.9,100,n/a,n/a,59.8,98,99.1,99.7,n/a,26.5,50,100,n/a,n/a,n/a,n/a,n/a,n/a,n/a,n/a,n/a,n/a,n/a,86.7,n/a,n/a,n/a,n/a,99.8,89,n/a,n/a,n/a,n/a,n/a,n/a,n/a,n/a,n/a,n/a,n/a,n/a,n/a,n/a,n/a,n/a,n/a,n/a,100,n/a
Czech Republic,E3,69,73.5,79,77.1,63,88.9,80.3,85.6,45.3,9.8,19.1,90.5,61.9,37.5,96.3,2,69.6,99.6,99.8,99.8,0,100,100,33.3,24,100,100,100,74.2,89.5,61.9,98,98.5,99.6,58.8,26.5,50,100,59.5,66.7,50,100,50,52.4,50,62.2,66.7,26.7,77.8,86.7,48.9,0,69,96.4,99.8,85.8,100,100,40.4,100,14.3,28.1,29.6,26.9,43.5,70.2,75,100,0,100,50,66.7,100,100,100,0
Czech Republic,E4,75.1,77.1,78.7,80.4,64.4,89.2,78.9,80.4,48.8,12,24.4,92,68.9,45.1,97.5,2,80.7,99.6,99.8,99.8,50,100,100,66.7,29.9,100,100,100,75.2,91.6,70.3,98,98.5,99.6,58.8,26.4,50,100,74.2,83.3,100,100,50,65,50,62.2,66.7,26.7,77.8,88.1,48.9,100,74,97.2,99.8,89,100,100,40.4,100,14.3,28.1,29.6,26.9,43.5,84.5,75,100,0,100,50,66.7,100,100,100,100
Czech Republic,E5,76,79.1,81.3,81,74.6,92.6,77.8,80.4,49.5,15.5,29.5,92.2,65.2,44.7,97.8,2,85.5,99.6,99.8,99.8,100,100,100,66.7,17.9,100,99.9,100,75.9,93,74.7,99.4,98.5,99.6,58.8,26.3,50,100,77.7,83.3,100,100,50,72.1,50,48.6,100,26.7,83.3,88.1,80,100,71.3,84.7,99.8,89,100,50,49.6,100,45.7,28.1,18.5,34.6,70.5,79.8,75,100,0,100,50,33.3,100,100,100,100
Denmark,E1,n/a,n/a,n/a,91.7,90.1,94.4,n/a,n/a,n/a,17.3,24.1,89.6,60.7,31.1,94.4,2.4,n/a,100,100,100,n/a,n/a,n/a,n/a,22.4,n/a,100,100,n/a,n/a,77.5,98.5,99.8,99.8,n/a,39.6,100,50,n/a,n/a,n/a,n/a,n/a,n/a,n/a,n/a,n/a,n/a,n/a,81,n/a,n/a,n/a,n/a,100,87.4,n/a,n/a,n/a,n/a,n/a,n/a,n/a,n/a,n/a,n/a,n/a,n/a,n/a,n/a,n/a,n/a,n/a,n/a,0,n/a
Denmark,E2,71.4,76.8,88.4,94,91.9,92.3,81.8,81.7,48.1,20.9,29.8,91.7,61.4,33.4,96.7,2.7,70.8,100,100,100,0,100,100,33.3,33.4,100,100,100,78.5,93.8,77.2,98.5,99.8,99.8,63.2,39.6,100,50,72.4,83.3,50,100,100,61.5,100,43.2,100,50,66.7,96.4,35.6,0,57.8,72,100,88.2,100,0,41.7,100,8.6,43.8,33.3,19.2,45.3,59.5,50,100,0,0,100,66.7,100,100,0,0
Denmark,E3,75.1,78.3,89.8,97,93.4,94.6,80.9,83,52.5,26.8,37.1,91.9,71.8,39.8,97.5,2.9,70.8,100,100,100,0,100,100,33.3,33.3,100,100,100,78.7,93.8,77.3,98.6,99.4,99.8,63.5,40.6,100,50,72.9,83.3,50,100,100,62.4,100,54.1,100,26.7,55.6,96.4,66.7,0,70.6,84.5,100,88.2,100,50,53.4,100,34.3,53.1,29.6,34.6,68.9,73.8,50,100,0,0,100,66.7,100,100,100,0
Denmark,E4,81.2,81.4,88.8,92.7,94,95.5,79.9,81.7,56.9,34.2,47.1,93.4,77.5,45.7,97.4,2.9,79.9,100,100,100,50,100,100,66.7,22.2,100,100,100,78.1,92.8,73.5,98.6,99.4,99.8,63.3,40,100,50,88.6,100,100,100,100,77.3,100,54.1,100,36.7,61.1,97.6,68.9,100,76.8,84.5,100,88.2,100,50,53.1,100,40,62.5,40.7,34.6,40.5,92.9,50,100,0,0,100,100,100,100,100,100
Denmark,E5,80.9,84.8,89.9,95.4,93.7,95.5,81.9,83,61.9,49,66.3,94,74.2,48.9,98,2.9,87.5,100,100,100,100,100,100,66.7,33.1,100,100,100,77.4,91.1,66,99.2,99.4,99.8,63.8,41.4,100,50,88,100,100,100,100,75.9,100,36.8,100,41.5,61.9,97.6,69.6,100,73.2,84.5,100,88.2,100,50,42.2,100,33.3,27,28.7,22.5,41.8,92.9,50,100,0,0,100,100,100,100,100,100
Dominican Republic,E1,n/a,n/a,n/a,23.4,14.2,55.8,n/a,n/a,n/a,0.8,4,74.4,14.9,8.1,70.7,1,n/a,97.6,98.8,86.4,n/a,n/a,n/a,n/a,12.1,n/a,98.5,90.6,n/a,n/a,62.1,97.5,97.6,99,n/a,16.5,0,0,n/a,n/a,n/a,n/a,n/a,n/a,n/a,n/a,n/a,n/a,n/a,39.5,n/a,n/a,n/a,n/a,90.7,50.4,n/a,n/a,n/a,n/a,n/a,n/a,n/a,n/a,n/a,n/a,n/a,n/a,n/a,n/a,n/a,n/a,n/a,n/a,100,n/a
Dominican Republic,E2,n/a,n/a,n/a,25,15.6,54,76.2,83,n/a,1.1,5.4,82.1,24.3,13.8,83.7,1.4,n/a,97.9,99,86.4,n/a,n/a,n/a,n/a,12,n/a,98.1,91.3,n/a,n/a,59.9,97.7,95.5,98.6,n/a,15.8,0,0,n/a,n/a,n/a,n/a,n/a,n/a,n/a,n/a,n/a,n/a,n/a,41.8,n/a,n/a,n/a,n/a,90.7,51.2,n/a,0,n/a,n/a,n/a,n/a,n/a,n/a,n/a,n/a,n/a,n/a,n/a,n/a,n/a,n/a,n/a,n/a,100,n/a
Dominican Republic,E3,58.6,61.9,53.7,29.8,16.7,53.6,87.1,81.5,32.4,1.4,6.3,83.9,30.1,14.2,89.4,1.6,66.7,99.1,99.2,90.4,0,100,100,33.3,11.8,94.8,98.3,91.4,47,88.7,60.9,97.8,97.2,98.9,5.4,16.1,0,0,53.4,61.1,50,33.3,100,45.6,50,43.2,66.7,70,66.7,41.8,26.7,0,71.9,72.6,90.7,49.6,100,50,62.3,100,60,53.1,59.3,57.7,43.6,81,100,100,100,100,100,66.7,100,100,100,0
Dominican Republic,E4,63.6,62.5,51.9,31.4,17.6,54.3,79.2,77,35.1,2.5,10.1,87.1,36.4,16.3,92,1.7,67.2,99.1,99.2,93.7,0,100,100,33.3,12,95.6,98.3,93,45.7,86.4,51.4,98,97.2,98.9,5.1,15.3,0,0,72.5,77.8,100,33.3,100,67.3,50,51.4,66.7,70,83.3,61.5,55.6,100,73.8,73,90.7,51.2,100,50,62.6,100,57.1,46.9,55.6,57.7,58.5,85.7,100,100,100,100,100,100,100,100,100,0
Dominican Republic,E5,61.2,61.4,52.6,33.5,18.9,53.5,79.9,77,36.1,2.5,10.9,87.4,33.5,24,92.7,1.7,61.1,99,99.5,95.4,50,100,0,33.3,11.8,95.9,98,93.8,46.6,88.2,58.4,98.3,97.2,98.9,5,15,0,0,65.8,72.2,100,66.7,50,59.4,50,45.9,33.3,56.7,83.3,61.5,44.4,100,70.8,73.4,92.3,51.2,100,50,61.7,100,62.9,59.4,44.4,42.3,61.5,77.4,75,100,100,0,100,66.7,100,100,100,0
Ecuador,E1,n/a,n/a,n/a,32.6,19.6,50,n/a,n/a,n/a,3.3,4.8,80.8,19.9,13.3,58.2,1.5,n/a,94.1,91.9,49.6,n/a,n/a,n/a,n/a,7.8,n/a,98.3,94.4,n/a,n/a,46.8,93.7,93.1,98.8,n/a,21.9,0,50,n/a,n/a,n/a,n/a,n/a,n/a,n/a,n/a,n/a,n/a,n/a,45,n/a,n/a,n/a,n/a,93.1,57.5,n/a,n/a,n/a,n/a,n/a,n/a,n/a,n/a,n/a,n/a,n/a,n/a,n/a,n/a,n/a,n/a,n/a,n/a,100,n/a
Ecuador,E2,n/a,n/a,n/a,35.8,20.8,54.4,76.2,77.1,n/a,2.8,4.2,83.7,22.8,14.3,78.8,1.5,n/a,93.6,91.9,51,n/a,n/a,n/a,n/a,7.7,n/a,98.9,93.9,n/a,n/a,45.1,90.6,96.8,98.8,n/a,22,0,50,n/a,n/a,n/a,n/a,n/a,n/a,n/a,n/a,n/a,n/a,n/a,40.7,n/a,n/a,n/a,n/a,93.1,59.8,n/a,0,n/a,n/a,n/a,n/a,n/a,n/a,n/a,n/a,n/a,n/a,n/a,n/a,n/a,n/a,n/a,n/a,100,n/a
Ecuador,E3,61.4,60.1,49.8,37,22.6,57.5,62.2,69.5,32.7,3.6,4.6,85.4,29.8,18.5,85.9,1.5,61.3,94.3,92.3,58.8,0,100,100,33.3,11.4,96.6,98.9,94.3,54.5,85.9,53.2,96.9,94.7,98.6,23.2,19.6,0,50,66.1,72.2,50,66.7,100,60.1,100,56.4,100,70.7,74.2,40.7,38.6,0,64.9,80.6,93.1,54.3,100,75,54.6,0,75.3,73.1,67.4,56.3,55.2,59.5,0,0,0,0,50,66.7,100,100,100,0
Ecuador,E4,70.2,61.1,52.1,37,24.4,62.5,65.7,71,36.3,6,7.3,89,40.1,19.7,90.7,1.5,59.9,90.9,93,70.9,50,100,0,66.7,7.5,96.2,99.6,92.8,69.1,82,37.8,97,94.7,98.6,56.2,18.5,50,100,80.6,88.9,100,66.7,100,72.4,100,56.4,100,70.7,74.2,39.5,38.6,100,70.1,82,93.1,59.8,100,75,54.6,0,75.3,73.1,67.4,56.3,55.2,73.8,0,0,0,0,50,66.7,100,100,100,100
Ecuador,E5,66.6,63.3,57.6,37,25.7,61.4,83.8,79.9,37.9,9,10.4,88.5,42.7,19.4,93.5,1.5,61.6,91.2,94.3,83.1,50,100,0,66.7,7.4,96.1,99.1,93.2,70.5,85.4,51.8,96.5,94.7,98.6,55.7,17,50,100,69.7,77.8,100,33.3,100,61.6,100,29.7,100,20,72.2,39.5,31.1,100,62.8,81.5,91.1,59.8,100,75,26,0,48.6,15.6,33.3,42.3,16.4,81,50,100,0,0,50,66.7,100,100,100,100
Egypt,E1,n/a,n/a,n/a,42.1,8.8,71.8,n/a,n/a,n/a,0.2,0.2,56.4,3.9,3.4,77.7,0.3,n/a,99.6,97.8,0,n/a,50,100,n/a,1.4,n/a,100,99.3,n/a,n/a,61.6,99.3,98.2,99.3,n/a,3,50,0,n/a,n/a,50,0,100,n/a,100,n/a,33.3,n/a,n/a,39.5,n/a,n/a,n/a,n/a,69.3,44.9,33.3,75,n/a,0,n/a,n/a,n/a,n/a,n/a,n/a,n/a,n/a,n/a,n/a,100,66.7,100,n/a,100,n/a
Egypt,E2,53.1,53.3,44.2,45.9,10.1,73.6,30.8,60.6,25.5,0.7,1.1,71.1,12.4,6.5,85.9,0.5,43.6,99.6,98.7,0,0,50,100,0,0.7,99.8,99.9,99.7,54.2,90.5,64.5,99.5,98.7,99.5,17.8,3.3,50,0,51.8,50,50,0,100,53.7,100,40.5,66.7,96.7,77.8,27.8,20,0,53,55.8,69.3,45.7,33.3,75,50.9,0,54.3,65.6,66.7,80.8,38.2,52.4,0,0,0,0,100,66.7,100,0,100,0
Egypt,E3,50.2,58.6,47,49,11.6,76.9,42.1,55.4,29.9,0.4,1.5,74.3,27.1,13.3,92.1,0.5,57.6,99.6,98.7,61,0,100,100,0,1.3,99.8,99.9,99.7,50.3,82.7,32.5,99.3,99.2,99.6,17.8,3.5,50,0,41.2,33.3,50,0,50,49.1,100,12.4,66.7,52.7,94.7,27.8,38.2,0,50.6,35.9,64.4,45.7,33.3,0,56.4,0,48.7,62,70.7,92.1,64.8,59.5,50,50,100,0,100,66.7,100,0,100,0
Egypt,E4,57,62.2,51.8,53.8,14.3,65.5,61.9,63.5,31.7,0.5,2.8,77.5,32.7,14.9,92.3,0.9,65.2,99.6,98.7,89,50,50,100,33.3,1.3,99.9,99.9,99.9,50.9,83.6,36.4,99.2,99.2,99.6,18.1,4.3,50,0,56.1,50,100,0,50,62.2,100,48.6,66.7,56.7,83.3,39,53.3,50,58.7,52.7,64.4,46.5,100,0,59.1,100,60,59.4,59.3,38.5,37.6,64.3,50,50,100,0,100,66.7,100,0,100,33.3
Egypt,E5,59.6,63.2,51.6,59.8,16.1,65.2,55.4,61.4,35.5,4.8,14.5,85.4,33.5,16,93.5,0.9,66.1,99.7,99.1,95.1,50,50,100,33.3,1.3,99.7,100,99.5,52.4,86.3,47.1,99.2,99.2,99.6,18.4,5.3,50,0,63.7,77.8,100,33.3,100,49.7,100,29.7,0,20,66.7,39,42.2,100,58.9,52.7,64.4,46.5,100,0,64.4,100,74.3,53.1,48.1,61.5,49.5,59.5,50,50,100,0,100,33.3,100,0,100,33.3
El Salvador,E1,n/a,n/a,n/a,13.6,11.9,100,n/a,n/a,n/a,1,1.3,61.6,2.2,3.5,54.8,2.1,n/a,70.6,61.3,0,n/a,100,100,n/a,0,n/a,97.5,85.4,n/a,n/a,52.2,87.9,92.5,97.9,n/a,16.5,100,0,n/a,n/a,50,33.3,50,n/a,100,n/a,100,n/a,n/a,30.7,n/a,n/a,n/a,n/a,85.2,40.9,66.7,0,n/a,50,n/a,n/a,n/a,n/a,n/a,n/a,n/a,n/a,n/a,n/a,0,0,100,n/a,100,n/a
El Salvador,E2,55.1,55,54.2,16.6,13.3,100,68.7,72.3,24.2,0.8,1.5,71.2,8.3,5.7,79.8,2.3,47.5,70.6,61.3,15,0,100,100,33.3,0,93.9,97.8,90,60.6,82.5,49.5,87.9,94.7,97.9,38.6,15.8,100,0,57.5,55.6,50,66.7,50,59.5,100,37.8,100,76.7,94.4,49.3,17.8,0,47.4,57.1,85.3,43.3,100,0,52.8,50,42.9,43.8,66.7,53.8,59.5,32.1,25,0,100,0,0,0,0,100,100,0
El Salvador,E3,57.9,58.5,54.6,16.9,15.1,100,71.8,69.2,26.8,1.1,2.6,73.5,13.5,6.8,85.2,4.5,58.2,94.1,86,52,0,100,100,33.3,0,94.4,97.8,91,70.8,86.2,59.9,92.2,94.9,97.9,55.4,16.1,100,50,53.6,55.6,50,66.7,50,51.6,100,44.7,100,35,61.9,49.3,21.7,0,48.8,69.8,85.8,43.3,100,50,44.6,50,36,45.5,50.6,33.8,51.7,32.1,25,0,100,0,0,0,0,100,100,0
El Salvador,E4,60.7,59.1,51.5,16.9,16.4,100,54.4,69.6,29.2,1.6,3.7,80.7,16.9,7.3,89.6,4.5,60.2,94.1,86,68,0,100,100,33.3,0,95.4,99.2,91.6,69.5,83.9,47.5,95.2,94.9,97.9,55.1,15.3,100,50,64.1,63.9,75,66.7,50,64.3,100,62.2,66.7,66.7,94.4,36.6,37.8,50,50.1,69.8,85.8,43.3,100,50,48.5,50,48.6,68.8,51.9,46.2,25.4,32.1,25,0,100,0,0,0,0,100,100,0
El Salvador,E5,59.9,60,53.2,16.9,16.4,100,62.7,69.9,31,1.5,5.6,79.3,22.8,11.4,92,4.5,60.2,94.1,86,68,0,100,100,33.3,0,95.5,98.5,92.5,69.1,83.3,45.3,95,94.9,97.9,55,15,100,50,62.1,63.9,75,66.7,50,60.3,100,38.4,66.7,55.8,83.9,36.6,51,50,48.4,69.9,86.4,43.3,100,50,46.6,50,65.1,28.9,49.3,40.4,46,28.6,0,0,0,0,0,0,0,100,100,0
Estonia,E1,n/a,n/a,n/a,87.7,63.3,100,n/a,n/a,n/a,10.9,17.3,89.6,29.5,19.3,92.7,3.6,n/a,100,100,100,n/a,n/a,n/a,n/a,0,n/a,100,100,n/a,n/a,54.8,98.7,99.2,99.7,n/a,21.1,50,0,n/a,n/a,n/a,n/a,n/a,n/a,n/a,n/a,n/a,n/a,n/a,74.2,n/a,n/a,n/a,n/a,99.8,90.6,n/a,n/a,n/a,n/a,n/a,n/a,n/a,n/a,n/a,n/a,n/a,n/a,n/a,n/a,n/a,n/a,n/a,n/a,100,n/a
Estonia,E2,66.7,72.5,84,86.2,67.1,100,83.8,83,39.8,10.7,17.4,90.4,36.1,23.7,96.3,4.1,66.2,98,99,99,0,100,100,33.3,0,100,100,100,56.2,88.5,56.3,98.7,99.2,99.7,24,22.1,50,0,71.4,83.3,50,100,100,59.5,100,67.6,66.7,43.3,72.2,93.1,33.3,0,66.6,85.5,99.8,92.1,100,50,47.6,100,8.6,43.8,37,30.8,65.7,66.7,50,100,0,0,50,66.7,100,100,100,0
Estonia,E3,69.3,76.3,84,88.3,69.2,100,79.4,83,42.6,13.2,19.7,90.1,43.5,29.7,98,4.1,78.6,100,100,99,0,100,100,33.3,96.8,100,100,100,57,89.8,61.6,98.7,99.1,99.7,24.3,22.8,50,0,76.1,83.3,50,100,100,69,100,82.6,66.7,72,73.3,93.1,63.9,0,67.8,85.3,99.8,91.3,100,50,47.9,100,15.7,32,56.5,44,39.1,70.2,75,100,100,0,50,66.7,100,100,100,0
Estonia,E4,79.6,78.9,83.9,90.5,71.1,100,76.1,81.7,46.9,17.7,25.6,92.7,51.3,38.6,98.2,4.1,84.9,100,100,99,50,100,100,33.3,96.8,100,100,100,65.3,89.6,60.8,98.7,99.1,99.7,41.1,23.4,50,50,94.3,100,100,100,100,88.6,100,83.8,100,86.7,77.8,93.9,66.7,100,80,85.3,99.8,91.3,100,50,58.3,100,34.3,71.9,59.3,34.6,49.5,96.4,75,100,100,0,100,100,100,100,100,100
Estonia,E5,77.4,75,84.2,90.4,69.4,100,78.4,83,49.4,23.2,30.7,93.2,52.6,43.4,98.7,4.1,66.3,100,100,99,50,100,0,33.3,48.1,100,100,100,67.7,94.2,78.2,99.8,99.1,99.7,41.3,23.8,50,50,90.8,100,100,100,100,81.5,100,59.5,100,76.7,55.6,93.9,66.7,100,76.1,85.3,99.8,91.3,100,50,46.6,100,28.6,21.9,51.9,30.8,46.5,96.4,75,100,100,0,100,100,100,100,100,100
Ethiopia,E1,n/a,n/a,n/a,14.1,1,12.4,n/a,n/a,n/a,4,2.6,47.6,14.1,6.9,53.2,0.1,n/a,90.2,71,10,n/a,0,0,n/a,0,n/a,83.5,10.1,n/a,n/a,25.6,79.2,70.3,93.1,n/a,3.2,0,0,n/a,n/a,50,0,50,n/a,50,n/a,66.7,n/a,n/a,19.5,n/a,n/a,n/a,n/a,37,9.4,66.7,50,n/a,0,n/a,n/a,n/a,n/a,n/a,n/a,n/a,n/a,n/a,n/a,0,0,0,n/a,0,n/a
Ethiopia,E2,38,32,23.6,15.1,1.2,19.8,40.9,41,24.6,6.2,4.1,79.8,15.3,7.4,59.5,0.1,23.6,94.1,85,10,0,0,0,0,0,56.2,83.5,29,36.5,71.9,31.3,85.2,77.4,93.6,1.2,3.6,0,0,44.1,44.4,50,33.3,50,43.7,50,43.2,66.7,66.7,88.9,13.9,20,0,39.3,41,37,10.2,66.7,50,53.1,0,51.4,56.3,85.2,76.9,48.7,23.8,0,0,0,0,0,66.7,100,0,0,0
Ethiopia,E3,39.5,31.4,22.4,17.8,0.1,7.7,48.6,37.6,27.2,6.5,3.7,79.6,17.6,9.2,73.7,0,23.3,94.1,85,7,0,0,0,0,0,52.8,67.6,38,34.8,68.4,6.3,91.1,81.3,94.7,1.2,3.7,0,0,41.2,44.4,50,33.3,50,38,50,32.4,66.7,53.3,38.9,13.9,48.9,0,50.4,50.4,40.4,11,100,50,44.9,0,51.4,50,55.6,46.2,66.2,56,75,50,100,100,100,66.7,100,0,50,0
Ethiopia,E4,44.2,36.7,24.8,17.8,0.1,7.7,51.6,46.8,31,7.6,5,84.4,27.3,12.5,80.3,0,27.4,94.1,85,7,0,0,0,33.3,0,63.4,95.5,31.4,34.5,67.8,3.2,91.9,81.3,94.7,1.2,3.5,0,0,55,61.1,100,33.3,50,48.8,50,16.2,100,23.3,61.1,30.1,60,50,50.8,50.4,40.4,11,100,50,45.9,0,77.1,62.5,70.4,42.3,23.3,56,75,50,100,100,100,66.7,100,0,50,0
Ethiopia,E5,42.5,36.6,21,17.8,0.1,7.7,40.3,39.2,33.6,6.1,4.1,82.5,41.3,15.5,85.4,0,27.4,94.1,85,7,0,0,0,33.3,0,64.4,95.5,33.3,36.5,71.8,16.3,95.1,81.3,94.7,1.1,3.3,0,0,50.9,61.1,100,33.3,50,40.6,50,16.2,33.3,20,83.3,30.1,42.2,50,45.9,37.9,40.4,11,100,0,43.9,0,62.9,53.1,51.9,46.2,49.5,56,75,50,100,100,100,66.7,100,0,50,0
Finland,E1,n/a,n/a,n/a,82.1,67.3,100,n/a,n/a,n/a,8.7,17.6,86.8,41.2,23.5,93.9,2.4,n/a,100,99.9,99.9,n/a,n/a,n/a,n/a,58.1,n/a,100,100,n/a,n/a,74.4,99.3,99.4,99.8,n/a,35.3,50,100,n/a,n/a,n/a,n/a,n/a,n/a,n/a,n/a,n/a,n/a,n/a,87,n/a,n/a,n/a,n/a,100,86.6,n/a,n/a,n/a,n/a,n/a,n/a,n/a,n/a,n/a,n/a,n/a,n/a,n/a,n/a,n/a,n/a,n/a,n/a,50,n/a
Finland,E2,n/a,n/a,n/a,84.6,66.4,100,79.7,83,n/a,8.2,18.5,87.9,46.5,25.4,95.9,2.7,n/a,100,99.9,99.9,n/a,n/a,n/a,n/a,57.9,n/a,100,100,n/a,n/a,74,99.3,99,99.8,n/a,36,50,100,n/a,n/a,n/a,n/a,n/a,n/a,n/a,n/a,n/a,n/a,n/a,96.4,n/a,n/a,n/a,n/a,100,86.6,n/a,n/a,n/a,n/a,n/a,n/a,n/a,n/a,n/a,n/a,n/a,n/a,n/a,n/a,n/a,n/a,n/a,n/a,50,n/a
Finland,E3,74.2,75,83.3,87.8,66.2,99.9,79.7,83,42.8,9.5,22,87.8,49.9,30.9,96.8,2.8,73.8,100,99.9,99.9,0,100,100,33.3,57.6,100,100,100,77.6,92.6,72.3,99.3,99,99.8,62.7,38.1,50,100,76.1,83.3,50,100,100,69,100,42,100,64.5,83.6,96.4,65.2,0,67.9,75.5,100,77.2,100,25,54.3,100,78,54.5,32.4,3.7,57.4,73.8,50,100,0,0,100,66.7,100,100,100,0
Finland,E4,80.1,79.4,84.4,88.9,67.1,99.5,83.8,83,46.7,12.5,29.5,90.1,55.6,38.7,97.8,2.8,86.3,100,99.9,99.9,100,100,100,33.3,57.6,100,100,100,78.3,93.6,76.5,99.3,99,99.8,63,38.9,50,100,90.8,100,100,100,100,81.7,100,42,100,64.5,83.6,97.9,65.2,100,71.9,77.9,100,86.6,100,25,54.3,100,78,54.5,32.4,3.7,57.4,83.3,50,100,0,0,100,100,100,100,100,33.3
Finland,E5,78.1,78,84.7,89,69.3,99.2,82.9,83,50.6,19.1,43.2,91.3,55.7,43.8,98.2,2.8,76.7,100,99.9,99.9,100,100,0,33.3,80.5,100,100,100,79,94.7,81.1,99.1,99,99.8,63.2,39.7,50,100,82.1,88.9,100,66.7,100,75.3,100,44.7,100,25.2,67.2,97.9,67.4,100,73.3,84.2,100,86.6,100,50,52.4,100,52.9,45.5,50.6,15,50.7,83.3,50,100,0,0,100,100,100,100,100,33.3
France,E1,n/a,n/a,n/a,75.2,88.9,73.6,n/a,n/a,n/a,9.3,21.7,80.4,30.1,22,75.2,1.6,n/a,98,99,80,n/a,100,100,n/a,12.9,n/a,100,100,n/a,n/a,72.3,99.4,99.5,99.8,n/a,52.4,100,100,n/a,n/a,50,100,100,n/a,100,n/a,100,n/a,n/a,78.4,n/a,n/a,n/a,n/a,100,79.5,100,50,n/a,100,n/a,n/a,n/a,n/a,n/a,n/a,n/a,n/a,n/a,n/a,100,66.7,100,n/a,100,n/a
France,E2,74.6,70.9,78.2,78.6,91.3,74.6,77.3,69.2,38.8,10.9,27.5,84,32.7,24.9,89.8,1.8,66.8,98,99,90,0,100,100,33.3,13.7,100,100,100,88,92.6,71.5,99.4,99.5,99.8,83.5,50.5,100,100,72.2,83.3,50,100,100,61,100,64.9,100,36.7,55.6,93.1,37.8,0,67.3,69.7,100,78.7,100,0,51.2,100,11.4,59.4,51.9,42.3,42.1,81,100,100,100,100,100,66.7,100,100,100,0
France,E3,76.1,72.4,79.6,79.7,93.6,76.5,77.4,70.6,42.1,15.6,36,84.2,35.7,30.6,91.2,1.8,67.8,98,99,98,0,100,100,33.3,13.7,100,100,100,88.9,95.2,82.3,99.4,99.5,99.7,82.6,47.7,100,100,72.5,83.3,50,100,100,61.7,100,45.9,100,46.7,61.1,93.1,46.7,0,70.4,65.5,100,78.7,33.3,50,72,100,68.6,65.6,70.4,57.7,69.5,73.8,50,100,0,0,100,66.7,100,100,100,0
France,E4,79.1,77.5,82.7,82.3,95.5,78.5,79.7,77.6,48.7,27.1,52.6,86.8,40.7,41.1,90.7,1.8,78.5,98,99,99,50,100,100,66.7,15.7,100,100,100,89.4,96.9,88.9,99.4,99.5,99.7,81.8,45.5,100,100,85.9,100,100,100,100,71.8,100,56.8,100,40,44.4,93.6,40,100,63.5,65.5,100,78.7,33.3,50,32.2,100,14.3,28.1,14.8,7.7,28.4,92.9,50,100,0,0,100,100,100,100,100,100
France,E5,80.7,79.5,85.2,84,97.4,80.7,79.7,84.4,54.3,44.6,68.1,88.2,39.9,44.5,92.9,1.8,78.4,98,99,99,50,100,100,66.7,14.6,100,100,100,88.9,95.9,84.5,99.7,99.5,99.7,81.9,45.8,100,100,84.4,100,100,100,100,68.8,100,28.8,100,25.2,40,93.6,63,100,70.1,73.9,100,78.7,66.7,50,43.7,100,69.6,20.9,21.5,26.2,24.1,92.9,50,100,0,0,100,100,100,100,100,100
Gabon,E1,n/a,n/a,n/a,29.1,1.2,100,n/a,n/a,n/a,1.6,1.6,34.8,9.9,5.9,50.5,0.3,n/a,94.1,97,78,n/a,n/a,n/a,n/a,33,n/a,97,37.3,n/a,n/a,41.6,94.3,94.5,99,n/a,6.1,100,0,n/a,n/a,n/a,n/a,n/a,n/a,n/a,n/a,n/a,n/a,n/a,19.9,n/a,n/a,n/a,n/a,78.1,52.8,n/a,n/a,n/a,n/a,n/a,n/a,n/a,n/a,n/a,n/a,n/a,n/a,n/a,n/a,n/a,n/a,n/a,n/a,100,n/a
Gabon,E2,n/a,n/a,n/a,34.2,1.6,100,74.4,83,n/a,2,3.3,56.3,11.7,4.8,63.3,0.4,n/a,96.1,92,83,n/a,n/a,n/a,n/a,32.1,n/a,97,37.3,n/a,n/a,41.6,94.3,93.8,98.9,n/a,6.1,0,0,n/a,n/a,n/a,n/a,n/a,n/a,n/a,n/a,n/a,n/a,n/a,31,n/a,n/a,n/a,n/a,78.1,53.5,n/a,n/a,n/a,n/a,n/a,n/a,n/a,n/a,n/a,n/a,n/a,n/a,n/a,n/a,n/a,n/a,n/a,n/a,100,n/a
Gabon,E3,n/a,n/a,n/a,40.8,1.5,99,69.5,73,n/a,5.4,9.6,74.3,19.2,7.5,79.9,0.4,n/a,96.1,95,95,n/a,n/a,n/a,n/a,31.4,n/a,97,37.3,n/a,n/a,41.6,98.1,98.1,98.7,n/a,6.3,0,0,n/a,n/a,n/a,n/a,n/a,n/a,n/a,n/a,n/a,n/a,n/a,31,n/a,n/a,n/a,n/a,78.1,54.3,n/a,n/a,n/a,n/a,n/a,n/a,n/a,n/a,n/a,n/a,n/a,n/a,n/a,n/a,n/a,n/a,n/a,n/a,50,n/a
Gabon,E4,48.5,53.2,58,40.8,2.9,100,68.9,77.5,31.5,4.8,10.5,81.8,28.1,11.5,83.7,0.4,57,98,97,97,50,50,0,33.3,30.7,66.4,98.3,34.5,43.1,84.1,41.6,98.1,98.1,98.7,2,6.1,0,0,40.4,41.7,75,0,50,39,50,37.8,33.3,30,72.2,37.8,51.1,0,57.4,40.1,81.1,54.3,0,25,68,100,74.3,50,51.9,73.1,58.5,64.3,0,0,0,0,50,100,100,100,100,0
Gabon,E5,45.4,54.3,60.3,40.8,2.2,100,78.5,80.2,31.7,2.8,9.5,82.9,29.8,16.5,79.9,0.4,56.8,98,97,97,50,50,0,33.3,29.3,68.3,98.3,38.3,43,84,41.6,97.4,98.1,98.7,2,6.1,0,0,35.5,41.7,75,0,50,29.3,50,43.2,33.3,30,0,37.8,40,0,48.9,46.4,81.1,54.3,0,50,50.4,100,54.3,43.8,51.9,42.3,10.4,50,50,100,0,0,0,66.7,0,100,100,33.3
Germany,E1,n/a,n/a,n/a,90.3,80.1,87.9,n/a,n/a,n/a,4.7,16.9,83.6,27.6,20,76.1,1.4,n/a,98,95.7,95.7,n/a,100,100,n/a,14,n/a,100,100,n/a,n/a,71.8,99.2,99.3,99.7,n/a,37.1,50,100,n/a,n/a,50,66.7,100,n/a,100,n/a,100,n/a,n/a,80.3,n/a,n/a,n/a,n/a,100,100,66.7,50,n/a,100,n/a,n/a,n/a,n/a,n/a,n/a,n/a,n/a,n/a,n/a,100,66.7,0,n/a,100,n/a
Germany,E2,71.7,72,84.5,87.4,82.6,95.9,81.7,74.8,36.1,4,21.1,87,31.4,21.1,86.6,1.7,67.2,98,95.7,96.2,0,100,100,33.3,14.6,100,100,100,77.2,92.4,71.3,99.2,99.5,99.7,62,36,50,100,68.1,72.2,50,66.7,100,64,100,62.2,100,66.7,55.6,96.9,31.1,0,69.5,85.4,100,100,66.7,75,45.6,100,54.3,28.1,25.9,30.8,34.4,77.4,75,100,0,100,100,66.7,100,100,100,0
Germany,E3,70.6,74,89.8,87.9,85.8,100,87.2,88.4,39,5.5,25.9,88.8,36.4,24.5,89.9,1.8,67.2,98,95.7,96.2,0,100,100,33.3,14.6,100,100,100,76.7,91.5,68,99.2,99.3,99.7,61.8,35.4,50,100,66.7,72.2,50,66.7,100,61.2,100,35.1,100,43.3,50,96.9,64.4,0,64.9,79.2,100,100,66.7,50,38.1,100,48.6,12.5,18.5,19.2,29.8,77.4,75,100,0,100,100,66.7,100,100,100,0
Germany,E4,78.4,78.7,87.7,89.9,87.7,99.3,82.8,78.8,42.9,8,34.7,90.3,44.2,29.8,91.4,1.8,84.2,98,95.7,98.2,100,100,100,66.7,15.3,100,100,100,75.9,90.3,63,99.2,99.3,99.7,61.4,34.3,50,100,80.3,88.9,100,66.7,100,71.7,100,35.1,66.7,33.3,77.8,96.3,64.4,100,78.6,85.4,100,100,66.7,75,54,100,74.3,43.8,25.9,30.8,49.5,96.4,75,100,0,100,100,100,100,100,100,100
Germany,E5,76.1,79.4,86.8,90.8,89.5,98.4,76.3,79,46.1,10.7,44.4,90.6,46.7,35.5,93.2,1.8,84.5,98,95.7,98.6,100,100,100,66.7,16.9,100,100,100,77.4,93.1,74,99.5,99.3,99.7,61.7,35,50,100,69,77.8,100,33.3,100,60.1,100,33.1,66.7,7.8,9.2,96.3,68.1,100,78.5,93.8,100,100,100,75,50.1,100,70.7,38,24.4,33.1,34.4,91.7,75,100,0,100,100,66.7,100,100,100,100
Ghana,E1,n/a,n/a,n/a,28.4,0.6,95.7,n/a,n/a,n/a,2.3,2.6,49.6,13,6.2,47.8,0.3,n/a,93.7,80,23,n/a,100,50,n/a,2.3,n/a,91.3,49.3,n/a,n/a,35.6,93.7,95,96.8,n/a,3.5,100,50,n/a,n/a,50,0,50,n/a,50,n/a,66.7,n/a,n/a,29.4,n/a,n/a,n/a,n/a,64.8,43.3,66.7,0,n/a,100,n/a,n/a,n/a,n/a,n/a,n/a,n/a,n/a,n/a,n/a,100,0,100,n/a,100,n/a
Ghana,E2,55.6,50.6,45.2,32.3,0.6,100,29.5,63.6,25.2,4.1,4.8,69.9,14.2,6.4,76.7,0.3,49.3,93.7,80,34.9,0,100,50,33.3,2.2,82.6,94.9,70.4,66.3,81.5,41.3,94.5,94.4,95.6,51.2,3.6,100,50,44.1,44.4,50,33.3,50,43.7,100,54.1,66.7,73.3,5.6,34.3,15.6,0,61.4,58.7,64.8,44.9,100,25,55.3,100,54.3,53.1,44.4,34.6,45.3,70.2,25,0,0,100,100,66.7,100,100,100,0
Ghana,E3,54.4,51.3,45.4,22.2,0.4,96.2,45.2,63.1,27.8,7.3,8.3,76.7,14.2,5.6,82.2,0.6,49.3,93.7,80,34.9,0,100,50,33.3,2.2,82.6,96.5,68.7,58.4,82.2,42.5,94.9,95.5,95.8,34.7,4,50,50,53.6,55.6,50,66.7,50,51.7,100,56.4,66.7,70.7,43.3,34.3,42.7,0,54.3,58.7,64.8,44.9,100,25,57.7,100,38.1,67.3,64.1,27.9,48.9,46.4,25,0,0,100,100,0,100,0,100,0
Ghana,E4,58.1,50.4,50.9,22.2,0.4,100,66.4,65.7,31.5,9.2,10.1,79.9,25.2,9.2,85.8,0.6,36.8,93.7,80,34.9,0,0,50,33.3,2.2,82.6,92.2,73.1,58.8,82.8,42.8,96.9,95.5,95.8,34.8,4.4,50,50,60.7,63.9,75,66.7,50,57.5,100,54.1,33.3,63.3,61.1,42.6,55.6,50,62.6,54.9,74,45.7,100,0,67.3,100,62.9,46.9,77.8,76.9,39.1,65.5,25,0,0,100,100,33.3,100,100,100,0
Ghana,E5,53.8,56.4,51.9,22.2,0.4,100,60.7,76.1,35,14.9,17.5,80.6,30.9,13.6,86.7,0.6,55.4,94.1,95.8,67.7,0,100,50,33.3,2.1,83.3,92.2,74.4,41.9,82.2,38.7,98.7,95.5,95.8,1.6,4.7,0,0,53.7,52.8,75,33.3,50,54.7,100,27.2,33.3,50.8,42.2,42.6,41.6,100,63.1,67.4,74,45.7,100,50,56.3,100,47.4,42.7,58.5,50.4,38.6,65.5,25,0,0,100,100,33.3,100,100,100,0
Greece,E1,n/a,n/a,n/a,68,68.8,88,n/a,n/a,n/a,1.1,4.7,78.4,35.8,24.5,83.5,2.6,n/a,99.8,99.3,83,n/a,n/a,n/a,n/a,11.3,n/a,100,100,n/a,n/a,68.5,96.6,98.5,99.7,n/a,22.1,50,100,n/a,n/a,n/a,n/a,n/a,n/a,n/a,n/a,n/a,n/a,n/a,59.5,n/a,n/a,n/a,n/a,97.2,72.4,n/a,n/a,n/a,n/a,n/a,n/a,n/a,n/a,n/a,n/a,n/a,n/a,n/a,n/a,n/a,n/a,n/a,n/a,100,n/a
Greece,E2,68.1,67.5,74.5,69,72.6,88.2,72.6,70.1,35.5,0.7,5.1,81.4,39.6,28.1,90.8,2.4,60.2,99.8,99.4,93,0,50,100,33.3,5.7,100,100,100,73.8,90.4,66.9,96.6,98.4,99.6,57.2,21.5,50,100,73.7,83.3,50,100,100,64,100,16.2,100,90,94.4,82.4,28.9,0,57.5,66.8,97.2,70.1,100,0,46.2,100,25.7,28.1,33.3,23.1,67.1,59.5,0,0,0,0,50,66.7,100,100,100,0
Greece,E3,71,70.6,77.5,70.9,76.2,92.4,75.3,72.6,38,1.2,7,82.6,44.1,32.8,95.1,3,67.1,99.8,99.6,98,0,100,100,33.3,5.7,100,100,100,74,90.9,68.9,96.6,98.5,99.6,57.1,21.2,50,100,74.3,83.3,50,100,100,65.3,100,18.9,100,70,88.9,82.4,62.2,0,64.9,86,97.2,71.7,100,75,49.2,100,31.4,15.6,40.7,42.3,64.8,59.5,50,100,0,0,0,66.7,100,100,100,0
Greece,E4,71.5,74.8,79.5,76.4,80.3,85.8,75.8,79.1,41.2,2.1,10,85,51.6,39.6,96.6,3.9,78.4,99.8,99.7,98.8,50,100,100,66.7,12.1,100,100,100,65.8,91.4,70.8,96.6,98.5,99.6,40.1,20.3,50,50,79.2,83.3,100,100,50,75.1,100,24.3,66.7,86.7,83.3,79.9,60,100,66.3,86,97.2,71.7,100,75,48.7,100,28.6,25,37,46.2,55.5,64.3,50,100,0,0,0,66.7,100,100,100,33.3
Greece,E5,72.4,75.2,79.8,78.4,84.5,83.5,75,77.8,41.7,2.6,12.5,85.2,53.2,36.7,97.4,4.7,79.2,99.8,99.7,98.8,50,100,100,66.7,18.3,100,100,100,66.3,92,70.7,99,98.5,99.6,40.6,21.7,50,50,87.9,100,100,100,100,75.8,100,32.4,100,53.3,83.3,79.9,57.8,100,60.3,86,97.4,71.7,100,75,30.7,100,20,12.5,0,11.5,40.5,64.3,50,100,0,0,0,66.7,100,100,100,33.3
Guatemala,E1,n/a,n/a,n/a,17.2,6,81.6,n/a,n/a,n/a,1.1,2.5,73.6,22.1,10,74.8,0.8,n/a,100,92,20.7,n/a,0,0,n/a,0,n/a,97.1,81.3,n/a,n/a,51.8,93.5,90.3,98.2,n/a,16.5,50,0,n/a,n/a,25,33.3,100,n/a,100,n/a,33.3,n/a,n/a,19.7,n/a,n/a,n/a,n/a,74.2,39.4,33.3,50,n/a,100,n/a,n/a,n/a,n/a,n/a,n/a,n/a,n/a,n/a,n/a,0,0,0,n/a,100,n/a
Guatemala,E2,52.4,54.5,43.6,20.3,6.5,80.2,46,64.8,30.6,4.9,5,74.9,28.7,11.8,88.5,0.7,52.3,100,95,40.4,0,50,100,33.3,0,91.6,99.5,83.7,52.1,82.3,49.6,94,87.5,98.3,21.9,15.8,50,0,52.6,63.9,25,66.7,100,41.3,100,40.5,33.3,63.3,66.7,19.7,6.7,0,50.4,65.9,74.2,39.4,100,50,49.6,50,42.9,43.8,55.6,46.2,59.5,35.7,0,0,0,0,50,0,0,100,100,0
Guatemala,E3,54.2,58.2,51.3,23.4,6.7,88.3,70,68.1,31.1,2.9,4.1,73.8,35.1,13.2,88,0.6,58.6,100,95,40.4,0,100,100,33.3,0,91.8,99.5,84.1,52.4,82.8,51,94.3,87.8,98.3,22,16.1,50,0,55.6,61.1,50,33.3,100,50.1,100,39.5,33.3,54.7,89.2,49.4,34.8,0,50.5,66.1,74.2,40.2,100,50,49.7,50,61.3,39.2,57.8,60.2,29.6,35.7,0,0,0,0,50,0,0,100,100,0
Guatemala,E4,55.4,57.2,49.6,23.4,6.7,88.8,62.4,66.6,34.4,1.8,3.7,77.2,49.4,15.2,92.5,0.6,52.3,100,95,40.4,0,100,50,33.3,0,92.4,90.9,93.8,43.9,82.7,50.2,94.6,87.8,98.3,5.1,15.3,0,0,73.4,88.9,100,66.7,100,58,100,32.4,33.3,36.7,88.9,36.9,35.6,100,47,66.1,74.2,40.2,100,50,35.6,0,65.7,31.3,44.4,34.6,37.4,39.3,25,0,0,100,50,0,0,100,100,0
Guatemala,E5,53.4,55.9,46.6,23.4,6.7,88.8,55.6,58.8,38.6,1.9,5.4,82,64.5,20.8,95.3,0.6,46.1,100,95,40.4,0,100,0,33.3,0,92.1,99.6,84.7,43.9,82.9,50.6,94.8,87.8,98.3,5,15,0,0,69.1,88.9,100,66.7,100,49.2,100,8.1,33.3,26.7,66.7,36.9,22.2,100,44.8,72.3,74.2,40.2,100,75,26.3,0,31.4,37.5,33.3,42.3,13.4,35.7,0,0,0,0,50,0,0,100,100,0
Guinea,E1,n/a,n/a,n/a,6.1,0,64.4,n/a,n/a,n/a,0.4,0,0,9.9,5.9,50.5,0.1,n/a,98.2,39.1,10.3,n/a,n/a,n/a,n/a,0,n/a,47.9,10.5,n/a,n/a,23.4,74.8,77.3,76.9,n/a,6.1,50,0,n/a,n/a,n/a,n/a,n/a,n/a,n/a,n/a,n/a,n/a,n/a,5.2,n/a,n/a,n/a,n/a,14.1,10.2,n/a,n/a,n/a,n/a,n/a,n/a,n/a,n/a,n/a,n/a,n/a,n/a,n/a,n/a,n/a,n/a,n/a,n/a,50,n/a
Guinea,E2,n/a,n/a,n/a,7.3,0,64.8,29.2,71.8,n/a,0.9,0.7,12.4,14.2,7.6,69.5,0.1,n/a,98.2,39.1,10.3,n/a,n/a,n/a,n/a,0,n/a,39.8,0.6,n/a,n/a,26.4,74.8,79.1,96.1,n/a,6.1,0,0,n/a,n/a,n/a,n/a,n/a,n/a,n/a,n/a,n/a,n/a,n/a,4.3,n/a,n/a,n/a,n/a,14.1,10.2,n/a,n/a,n/a,n/a,n/a,n/a,n/a,n/a,n/a,n/a,n/a,n/a,n/a,n/a,n/a,n/a,n/a,n/a,50,n/a
Guinea,E3,34.4,21.9,38.1,8.6,0,67.2,50.2,64.3,10.6,1.7,1.4,41.3,2,1.6,26.3,0.3,18.5,98.2,39.1,10.3,0,0,0,0,0,20.2,39.8,0.6,38.2,74.3,29.1,89.3,82,96.7,2.1,6.3,0,0,27.1,16.7,50,0,0,37.5,50,45.9,33.3,63.3,50,4.3,53.3,0,50.5,24.6,14.1,9.4,0,75,60.1,100,40,53.1,63,61.5,42.9,66.7,0,0,0,0,100,66.7,100,100,100,0
Guinea,E4,36.4,24.4,37.3,8.6,0,67,41.5,69.3,17,2.8,2.4,52.1,14.6,6.9,40.3,0.2,13.5,58.8,31,18.5,0,0,0,0,0,29.7,47.6,11.9,38.8,75.6,31.9,91.9,82,96.7,2,6.1,0,0,31.8,25,75,0,0,38.5,50,45.9,33.3,63.3,50,12.1,53.3,0,50.5,24.8,14.1,10.2,0,75,60.1,100,40,53.1,63,61.5,42.9,66.7,0,0,0,0,100,66.7,100,100,100,0
Guinea,E5,37.4,32.6,35.7,12.7,0,70.9,40.5,54.1,24,3.9,3.8,61.8,25.7,14.4,58.4,0.2,17.9,74.5,40,29,0,0,0,0,0,52.7,82,23.4,39,75.9,33.3,91.8,82,96.7,2,6.1,0,0,32.7,25,75,0,0,40.4,50,54.1,33.3,33.3,77.8,12.1,62.2,0,45.2,24.8,14.1,10.2,0,75,44.2,100,37.1,43.8,22.2,15.4,46.5,66.7,0,0,0,0,100,66.7,100,100,100,0
Honduras,E1,n/a,n/a,n/a,22.6,4.6,58.5,n/a,n/a,n/a,1.2,1.3,63.2,25.9,10.7,63.6,0.5,n/a,99.7,83.1,18,n/a,n/a,n/a,n/a,0,n/a,97,79.8,n/a,n/a,39.8,85,80.3,94.8,n/a,16.5,0,50,n/a,n/a,n/a,n/a,n/a,n/a,n/a,n/a,n/a,n/a,n/a,29.4,n/a,n/a,n/a,n/a,85,38.6,n/a,n/a,n/a,n/a,n/a,n/a,n/a,n/a,n/a,n/a,n/a,n/a,n/a,n/a,n/a,n/a,n/a,n/a,100,n/a
Honduras,E2,n/a,n/a,n/a,24.4,5.1,54.7,70.7,78.5,n/a,1.2,1.5,69.1,31.9,13.1,83.1,1.1,n/a,72.8,61.3,42.6,n/a,n/a,n/a,n/a,7,n/a,79.1,64.8,n/a,n/a,37,86.2,78,94.8,n/a,15.8,0,0,n/a,n/a,n/a,n/a,n/a,n/a,n/a,n/a,n/a,n/a,n/a,36.4,n/a,n/a,n/a,n/a,86.4,40.2,n/a,n/a,n/a,n/a,n/a,n/a,n/a,n/a,n/a,n/a,n/a,n/a,n/a,n/a,n/a,n/a,n/a,n/a,100,n/a
Honduras,E3,n/a,n/a,n/a,26.3,5.4,57.5,58.2,70.1,n/a,1.6,2.2,73,39.1,17.6,88.7,1.6,n/a,85.2,76.8,50.8,n/a,n/a,n/a,n/a,6.9,n/a,79.3,66.5,n/a,n/a,35.1,84.5,92.8,95.9,n/a,16.1,0,0,n/a,n/a,n/a,n/a,n/a,n/a,n/a,n/a,n/a,n/a,n/a,36.4,n/a,n/a,n/a,n/a,86.4,40.9,n/a,n/a,n/a,n/a,n/a,n/a,n/a,n/a,n/a,n/a,n/a,n/a,n/a,n/a,n/a,n/a,n/a,n/a,50,n/a
Honduras,E4,52.6,49,45.2,26.3,7.9,49.5,64.1,78.4,34.1,2.3,3.7,79.5,43.5,20.5,87.4,1.6,39.8,81.8,78.4,67.5,0,50,0,33.3,7.1,76.8,84,69.6,49.4,76.9,33.9,85.1,92.8,95.9,21.8,15.3,0,50,72.4,91.7,75,100,100,53.2,50,43.2,33.3,60,88.9,42.2,57.8,50,39.7,52.1,84.2,40.9,33.3,50,38.3,0,71.4,25,55.6,34.6,43.5,28.6,0,0,0,0,0,100,0,0,100,0
Honduras,E5,52,49.7,45.7,26.3,8.6,47.9,71.1,75,35.5,2.9,6.2,83.5,43.1,20.6,90.4,1.6,38.7,76.9,74.8,67.9,0,50,0,33.3,6.6,78.8,89.5,68.1,48.6,75.4,27.1,86,92.8,95.9,21.7,15,0,50,70.1,80.6,75,66.7,100,59.7,100,35.1,33.3,26.7,88.9,42.2,51.1,100,39.6,39.6,84.2,40.9,33.3,0,36.4,0,68.6,18.8,51.9,53.8,25.4,42.9,0,0,0,0,0,100,100,0,100,0
Hong Kong,E1,n/a,n/a,n/a,78.9,69.7,100,n/a,n/a,n/a,34.5,38.2,83.2,31.4,15,81.9,100,n/a,100,99,99,n/a,n/a,n/a,n/a,43.9,n/a,100,100,n/a,n/a,68.1,99.1,98.8,99.8,n/a,34.4,100,50,n/a,n/a,n/a,n/a,n/a,n/a,n/a,n/a,n/a,n/a,n/a,83.6,n/a,n/a,n/a,n/a,95.1,82.7,n/a,n/a,n/a,n/a,n/a,n/a,n/a,n/a,n/a,n/a,n/a,n/a,n/a,n/a,n/a,n/a,n/a,n/a,100,n/a
Hong Kong,E2,n/a,n/a,n/a,79.4,77.3,100,81.5,84.3,n/a,48.7,53.1,92.9,35,18.8,94.6,100,n/a,100,99,99,n/a,n/a,n/a,n/a,43.6,n/a,100,100,n/a,n/a,69.6,99.1,98.8,99.8,n/a,35.6,100,50,n/a,n/a,n/a,n/a,n/a,n/a,n/a,n/a,n/a,n/a,n/a,94.2,n/a,n/a,n/a,n/a,95.1,83.5,n/a,n/a,n/a,n/a,n/a,n/a,n/a,n/a,n/a,n/a,n/a,n/a,n/a,n/a,n/a,n/a,n/a,n/a,100,n/a
Hong Kong,E3,n/a,n/a,n/a,80.1,77.6,100,73.7,76.5,n/a,61.3,60.7,92.8,42.7,26.4,96.2,100,n/a,100,99,99,n/a,n/a,n/a,n/a,43.2,n/a,100,100,n/a,n/a,70.7,99.1,99,99.9,n/a,35.2,100,50,n/a,n/a,n/a,n/a,n/a,n/a,n/a,n/a,n/a,n/a,n/a,94.2,n/a,n/a,n/a,n/a,95.1,83.5,n/a,n/a,n/a,n/a,n/a,n/a,n/a,n/a,n/a,n/a,n/a,n/a,n/a,n/a,n/a,n/a,n/a,n/a,50,n/a
Hong Kong,E4,78.3,84.7,84.9,92.3,78.5,100,73.7,80,71.7,65.8,71.2,92.6,46.2,29.5,96.3,100,82.2,100,99,99,50,100,100,66.7,43.2,100,100,100,76.3,92.4,71.7,99.1,99,99.9,60.2,30.5,100,50,85.6,88.9,100,66.7,100,82.3,100,70.3,100,56.7,77.8,93.7,60,100,66.8,69.6,95.1,83.5,100,0,54.6,100,68.6,50,37,42.3,29.8,76.2,0,0,0,0,100,33.3,100,100,100,100
Hong Kong,E5,78.5,87.7,88.3,94.1,80.4,100,83.8,83,79.3,81.4,87,92.5,52.6,43.3,98.3,100,83.1,100,99,99,100,100,100,66.7,0,100,100,100,77.7,95.8,84.6,99.8,99,99.9,59.6,28.8,100,50,81,88.9,100,66.7,100,73.2,100,40.5,100,26.7,44.4,93.7,80,100,67.6,69.6,95.1,83.5,100,0,49.9,100,57.1,31.3,37,42.3,31.4,83.3,50,100,0,0,100,33.3,100,100,100,100
Hungary,E1,n/a,n/a,n/a,75.5,59.3,71.4,n/a,n/a,n/a,8.3,21,88.8,52.9,33.4,93.1,1.7,n/a,98,99,97.3,n/a,n/a,n/a,n/a,13,n/a,100,100,n/a,n/a,48.8,97.6,98.3,99.4,n/a,24.3,50,100,n/a,n/a,n/a,n/a,n/a,n/a,n/a,n/a,n/a,n/a,n/a,65.8,n/a,n/a,n/a,n/a,99.3,81.9,n/a,n/a,n/a,n/a,n/a,n/a,n/a,n/a,n/a,n/a,n/a,n/a,n/a,n/a,n/a,n/a,n/a,n/a,100,n/a
Hungary,E2,68.8,72.3,74.4,79.1,61.5,72.1,80,79,47.1,11,30.9,90.3,59.7,39.3,96.5,1.8,67.7,98,99,98,0,100,100,33.3,13,100,100,100,72.2,86.4,49.7,97.6,98.6,99.5,58.1,24.3,50,100,61.4,66.7,50,100,50,56.2,50,64.9,66.7,66.7,77.8,81.4,42.2,0,69.1,76.5,99.3,81.9,100,25,53.3,100,45.7,37.5,33.3,30.8,72.8,77.4,75,100,100,0,100,66.7,100,100,100,0
Hungary,E3,68.4,73.5,74.6,82.3,64.8,72.3,76.1,77.6,51.7,15.8,45.5,91.2,65.2,44.3,98,2,67.8,98,99,99,0,100,100,33.3,13.1,100,100,100,74.5,90.4,66.8,97.6,97.7,99.4,58.7,26,50,100,65.4,66.7,50,100,50,64.2,100,68,66.7,63.3,73.9,81.4,60.4,0,59.9,70.5,99.3,82.7,100,0,35.4,100,25.9,7.2,44.6,10.4,24.5,73.8,50,100,0,0,100,66.7,100,100,100,0
Hungary,E4,73.4,76.4,77.5,83.2,67.6,73.5,82.6,80.3,53.9,24.1,56.5,92.9,62.3,41.5,97.8,2,74.2,98.4,99.2,99.2,50,100,100,33.3,13.1,100,100,100,74.7,90.9,68.9,97.6,97.7,99.4,58.5,25.5,50,100,79.5,83.3,100,100,50,75.6,100,81.1,66.7,63.3,88.9,81.3,73.3,50,63.1,70.5,99.3,82.7,100,0,45.1,100,40,15.6,51.9,42.3,20.6,73.8,50,100,0,0,100,66.7,100,100,100,0
Hungary,E5,72,75.8,79.1,86.2,70.2,76.2,81.3,81.6,56.1,31.9,65.7,93,60.3,41.2,98.8,2,67.9,98.4,99.2,99.2,100,100,0,33.3,13.2,100,100,100,75.2,91.7,70.3,99.5,97.7,99.4,58.7,26,50,100,72.7,83.3,100,100,50,62.1,100,70.3,66.7,33.3,33.3,81.3,62.2,50,64.3,70.5,99.3,82.7,100,0,39,100,37.1,12.5,22.2,30.8,31.4,83.3,50,100,0,0,100,33.3,100,100,100,100
India,E1,n/a,n/a,n/a,19.8,2.8,46.7,n/a,n/a,n/a,2.7,3.2,73.2,8.5,5.7,59.8,0.3,n/a,90.2,74,4,n/a,100,50,n/a,0.3,n/a,95.5,73.9,n/a,n/a,23,95.9,95.5,98.6,n/a,4,100,50,n/a,n/a,50,33.3,100,n/a,100,n/a,33.3,n/a,n/a,33.2,n/a,n/a,n/a,n/a,65.5,37.8,66.7,75,n/a,100,n/a,n/a,n/a,n/a,n/a,n/a,n/a,n/a,n/a,n/a,100,66.7,100,n/a,100,n/a
India,E2,62.1,53.6,42.8,22.4,3,55.3,59.7,73.8,26.1,4.5,5.8,80.7,9.3,5.1,76.2,0.7,59.9,92.2,79.7,73.5,0,100,100,33.3,0.6,85.6,97,74.3,65,78.9,24,97.6,95.3,98.7,51.2,3.5,100,50,60.5,61.1,50,33.3,100,59.8,100,64.9,66.7,76.7,100,43.9,26.7,0,69.1,49.1,65.5,39.4,66.7,25,80.9,100,71.4,100,70.4,69.2,74.4,77.4,75,50,100,100,100,66.7,100,100,100,0
India,E3,64.6,53.6,33,25.2,2.8,57.5,25.8,53.4,28.5,7.6,9.5,84.3,11.2,6.8,79.3,0.8,63,94.1,88,88,0,100,100,33.3,0.8,89.9,97.8,82.1,77.6,87.6,58.7,99.3,93.8,98.7,67.6,2.7,100,100,57.2,61.1,50,33.3,100,53.4,100,36.9,66.7,75.3,55.3,43.9,48.9,0,69.8,61.8,65.5,40.2,66.7,75,70.1,100,82,86.3,44.6,50.8,56.7,77.4,75,50,100,100,100,66.7,100,100,100,0
India,E4,71.8,58.2,34.9,23.6,2.9,57.1,28.6,62.5,31.4,11.7,13.5,88.8,13.2,8.2,81,3.4,70.8,94.1,94,94,50,100,100,33.3,1.1,95.7,99.6,91.9,76.9,86.4,53.7,99.3,93.8,98.7,67.5,2.4,100,100,74.2,66.7,100,0,100,81.7,100,59.5,100,76.7,88.9,57.8,71.1,100,78,62.5,68.4,40.2,66.7,75,78.7,100,85.7,75,66.7,65.4,79.5,92.9,50,0,100,100,100,100,100,100,100,100
India,E5,71.6,59.8,32.6,23.6,3,54.5,25.1,56.8,34.4,17.1,18.9,91.3,14.3,9.2,86.4,3.4,72.3,98.2,98.2,97.9,50,100,100,33.3,1.1,99.7,100,99.4,77.9,88.2,61.8,98.6,93.8,98.7,67.6,2.9,100,100,76.5,77.8,100,33.3,100,75.3,100,43.8,100,61.3,63.9,57.8,75.7,100,72.2,62.5,68.4,40.2,66.7,75,61.2,100,62,53,26.3,63.5,62.3,92.9,50,0,100,100,100,100,100,100,100,100
Indonesia,E1,n/a,n/a,n/a,41.8,3.3,100,n/a,n/a,n/a,2.3,3.9,80,15.3,6.4,76.9,0.9,n/a,76.3,60,5,n/a,100,50,n/a,1,n/a,93.5,65.5,n/a,n/a,16,97.8,97.8,97.1,n/a,4.1,100,50,n/a,n/a,50,66.7,50,n/a,50,n/a,66.7,n/a,n/a,32.1,n/a,n/a,n/a,n/a,94.1,51.2,100,25,n/a,100,n/a,n/a,n/a,n/a,n/a,n/a,n/a,n/a,n/a,n/a,50,66.7,100,n/a,100,n/a
Indonesia,E2,57.7,55.3,56.6,47,4.3,100,66.8,64.8,29.4,3,5.1,84.8,22,6.9,83,0.8,44.8,76.3,74.9,22.6,0,100,50,33.3,1.2,90.3,99.1,81.5,64.7,78.1,19.8,98.5,96.9,96.9,51.4,4.2,100,50,50.7,55.6,50,66.7,50,45.8,50,48.6,66.7,70,66.7,35.3,28.9,0,60.1,61.6,94.3,52,100,0,59.1,100,74.3,68.8,37,38.5,36.1,59.5,0,0,0,0,50,66.7,100,100,100,0
Indonesia,E3,60.9,62.1,64.4,57.2,5,100,75.3,84.5,31.7,3.5,6.5,86.5,29.5,8,86.6,1,58.2,97.3,93.8,90.4,0,100,50,33.3,1.2,94.3,100,88.6,60.7,86.8,52.8,98.8,97.9,97.7,34.6,3.9,50,50,53.8,55.6,50,66.7,50,52,50,40.5,66.7,63.3,88.9,35.3,71.1,0,66.9,61.6,94.3,52,100,0,72.6,100,85.7,65.6,70.4,57.7,56.1,66.7,50,100,0,0,50,66.7,100,100,100,0
Indonesia,E4,65.1,65.1,62.9,66.1,7.1,89.4,76,76.2,33.4,4.8,8,90.6,33.7,9,86.2,1.8,65.9,97.5,97.7,97.6,50,100,50,33.3,1.2,98.1,100,96.2,51.4,84.9,45.9,98.1,97.9,97.7,18,3.9,50,0,74.2,72.2,100,66.7,50,76.2,50,100,66.7,80,77.8,50.4,84.4,100,69.7,61.7,94.7,52,100,0,77.3,100,100,62.5,77.8,53.8,69.8,70.2,75,100,0,100,50,66.7,100,100,100,0
Indonesia,E5,62.6,67.7,63.1,66.1,8.1,96.1,73.3,71.8,36.3,5.5,9.3,91.7,38.1,13,91.8,4.4,72.2,97.5,97.7,97.6,50,100,100,33.3,1.2,99.4,100,98.8,50.6,82.9,37.9,98.2,97.9,97.7,18.3,4.9,50,0,71.8,77.8,100,33.3,100,65.9,100,29.7,100,26.7,44.4,50.4,75.6,100,60.3,61.7,94.7,52,100,0,47.9,100,77.1,21.9,18.5,38.5,31.4,71.4,0,0,0,0,100,100,100,100,100,0
Iran,E1,n/a,n/a,n/a,55.4,18,64.8,n/a,n/a,n/a,0.7,1.3,64.4,11.3,5.7,69.4,0.3,n/a,88.6,59.8,14.1,n/a,100,100,n/a,2.4,n/a,100,94.8,n/a,n/a,29.4,97.4,98.7,99.8,n/a,8.2,0,0,n/a,n/a,50,100,100,n/a,100,n/a,100,n/a,n/a,42.4,n/a,n/a,n/a,n/a,83.7,66.9,100,25,n/a,100,n/a,n/a,n/a,n/a,n/a,n/a,n/a,n/a,n/a,n/a,100,66.7,100,n/a,100,n/a
Iran,E2,61.9,59.1,61.6,62.1,20.4,71.3,87.6,66.6,28.2,1.4,2.9,77.2,21.1,10.1,83.9,0.5,48.4,93.1,62.7,28.9,0,100,100,0,2.4,98.1,100,96.3,51,82.3,33.3,97.4,98.9,99.7,19.6,8.7,0,50,66.1,72.2,50,66.7,100,60,100,51.8,100,60.2,70.6,70.7,26.6,0,71.6,74.9,82.1,67.7,100,50,59,100,54.6,60.3,45.7,46.9,46.2,81,100,100,100,100,100,66.7,100,100,100,0
Iran,E3,62.8,61.8,61.3,72.7,22.7,78,66.8,66,31.9,2.1,4.2,79.1,32.1,17.8,87.5,0.7,55.9,93.1,77,74,0,100,100,0,3.1,98.1,100,96.3,51.8,83.8,36.9,99.4,99,99.7,19.8,9.3,0,50,67.6,72.2,50,66.7,100,63,100,47.3,100,57.5,68.6,70.7,60,0,70,74.9,82.1,67.7,100,50,57.8,100,56.9,53.6,50.2,45.4,40.9,77.4,75,50,100,100,100,66.7,100,100,100,0
Iran,E4,69,67.6,68.9,79.5,27.1,78.6,83.8,75.5,36.8,2.8,5.3,81.9,47.7,27,92.2,0.8,66.8,93.1,79,76,50,100,100,33.3,3.1,97.8,100,95.7,52.3,84.7,40.5,99.4,99,99.7,20,10,0,50,85.2,88.9,100,66.7,100,81.5,100,63.2,100,56.2,84.2,79.1,69.6,100,70.7,62.4,82.1,67.7,100,0,59.2,100,62.1,51.4,50.2,49.4,42.3,90.5,100,100,100,100,100,100,100,100,100,33.3
Iran,E5,69.5,68,68.7,79.5,22.6,100,76.7,64.7,37.1,5,7.4,81.5,46.1,24.9,94.1,0.8,68.2,93.1,85,81,50,100,100,33.3,3.1,98,100,96.1,59.7,82.3,31.2,99.4,99,99.7,37,11,0,100,80.5,88.9,100,66.7,100,72.2,100,33.6,100,32.7,60.8,79.1,71.1,100,70,62.4,82.1,67.7,100,0,57,100,54.9,49.2,43,53.3,41.5,90.5,100,100,100,100,100,100,100,100,100,33.3
Ireland,E1,n/a,n/a,n/a,85,60,75.5,n/a,n/a,n/a,7.3,17,82.4,29.9,15.2,86,2.5,n/a,98,95,90,n/a,n/a,n/a,n/a,27.1,n/a,100,100,n/a,n/a,95.7,99.2,99.5,99.7,n/a,57.7,50,100,n/a,n/a,n/a,n/a,n/a,n/a,n/a,n/a,n/a,n/a,n/a,80,n/a,n/a,n/a,n/a,100,85.8,n/a,n/a,n/a,n/a,n/a,n/a,n/a,n/a,n/a,n/a,n/a,n/a,n/a,n/a,n/a,n/a,n/a,n/a,0,n/a
Ireland,E2,71.4,67.1,77.5,87,61.8,73.9,80.7,84.3,35.3,5.8,17.8,85.2,29.1,16.4,90.3,2.5,55.4,98,95,90,0,0,100,33.3,26.9,100,100,100,83.5,98.4,95.3,99.2,99.5,99.6,68.6,55.8,50,100,64.7,72.2,50,66.7,100,57.2,100,48.6,100,43.3,50,93.1,22.2,0,70.3,96.9,100,87.4,100,100,47.3,100,48.6,28.1,25.9,19.2,61.7,66.7,100,100,100,100,100,66.7,100,100,0,0
Ireland,E3,71.3,68.8,80.8,89,62.8,73.2,93.3,85.6,37.5,7.3,23.1,86.8,32.1,18.7,91.9,2.6,57.1,98,95,90,0,0,100,33.3,40.1,100,100,100,82.7,97.6,92.2,99.2,99.1,99.7,67.8,53.5,50,100,69.4,72.2,50,66.7,100,66.6,100,44.7,100,54.7,72.8,93.1,67.4,0,64.1,71.9,100,87.4,100,0,53.8,100,36,36.3,50.6,41.3,58.5,66.7,100,100,100,100,100,66.7,100,100,0,0
Ireland,E4,79.9,73.7,81.1,89.1,63.3,73.3,91.6,88.1,40.2,10,31.5,89.3,35.2,21.6,91.3,2.6,73.7,98,95,90,100,0,100,66.7,39.7,100,100,100,83.3,99.3,99.3,99.2,99.1,99.7,67.3,52,50,100,92.1,100,100,100,100,84.3,100,73,100,66.7,77.8,96.7,60,100,70.5,71.9,100,87.4,100,0,58.7,100,45.7,43.8,59.3,53.8,49.5,81,100,100,100,100,100,66.7,100,100,0,100
Ireland,E5,77.4,73.9,79.5,89.1,63.9,75.8,89.6,79,42.7,12.4,38.9,89.5,36.4,24.9,93.8,2.6,73.6,98,95,90,100,0,100,66.7,39.1,100,100,100,82.3,98.5,95.4,99.8,99.1,99.7,66.1,48.4,50,100,84.3,88.9,100,66.7,100,79.8,100,59.5,100,40,66.7,96.7,75.6,100,68.9,71.9,100,87.4,100,0,54,100,62.9,46.9,40.7,26.9,46.5,81,100,100,100,100,100,66.7,100,100,0,100
Israel,E1,n/a,n/a,n/a,74.2,58.1,100,n/a,n/a,n/a,2.7,15.2,86.4,36.5,16.2,84.8,1.8,n/a,98,99,60,n/a,n/a,n/a,n/a,7.6,n/a,100,100,n/a,n/a,56.1,97.8,98.4,99.7,n/a,39.8,100,100,n/a,n/a,n/a,n/a,n/a,n/a,n/a,n/a,n/a,n/a,n/a,78.3,n/a,n/a,n/a,n/a,97.3,90.6,n/a,n/a,n/a,n/a,n/a,n/a,n/a,n/a,n/a,n/a,n/a,n/a,n/a,n/a,n/a,n/a,n/a,n/a,100,n/a
Israel,E2,n/a,n/a,n/a,75.3,59.4,100,77.4,83,n/a,2.8,17.8,89.8,41.1,16.4,92.2,1.9,n/a,98,99,70,n/a,n/a,n/a,n/a,7.4,n/a,100,100,n/a,n/a,59.6,97.8,99.4,99.7,n/a,37.9,100,100,n/a,n/a,n/a,n/a,n/a,n/a,n/a,n/a,n/a,n/a,n/a,83.5,n/a,n/a,n/a,n/a,97.3,91.3,n/a,n/a,n/a,n/a,n/a,n/a,n/a,n/a,n/a,n/a,n/a,n/a,n/a,n/a,n/a,n/a,n/a,n/a,100,n/a
Israel,E3,73.2,71.2,79.2,74,60.6,97.9,82.8,80.5,40.5,4.5,24.7,91,48.1,18.7,94.4,1.9,65,98,99,82,0,100,100,33.3,7.3,100,100,100,84.8,90.8,66.1,97.8,99.3,99.7,78.9,36.7,100,100,70.2,83.3,50,100,100,57.1,50,51.4,100,70,55.6,83.5,46.7,0,66.5,84.3,97.3,89.8,100,50,57,100,17.1,62.5,70.4,46.2,45.6,58.3,75,100,0,100,100,33.3,0,100,100,0
Israel,E4,78.5,72.5,80.9,74.8,61.9,97.7,86,84.2,43,6.4,33.4,92.3,51.3,20.8,94.8,1.9,65.9,98,99,90,0,100,100,33.3,7.2,100,100,100,84.9,91.7,69.7,97.8,99.3,99.7,78.1,34.3,100,100,85.2,100,100,100,100,70.3,50,51.4,100,70,55.6,89.2,46.7,100,71.4,84.7,97.3,91.3,100,50,57,100,17.1,62.5,70.4,46.2,45.6,72.6,75,100,0,100,100,100,0,100,100,33.3
Israel,E5,79.5,75.8,80.7,75.8,62.1,100,82.7,83,43.7,8.9,43.5,91.7,45.7,19.3,94.8,1.9,78.9,98,99,94,100,100,100,33.3,7,100,100,100,85.3,92.7,72.3,99.5,99.3,99.7,77.9,33.7,100,100,85.8,100,100,100,100,71.5,50,48.6,100,33.3,88.9,89.2,62.2,100,70.9,84.7,97.3,91.3,100,50,60.3,100,37.1,46.9,59.3,69.2,49.5,67.9,75,100,0,100,100,66.7,0,100,100,33.3
Italy,E1,n/a,n/a,n/a,66.1,52.5,100,n/a,n/a,n/a,2,6.9,75.6,34.1,20,85.2,0.9,n/a,100,100,93,n/a,100,100,n/a,9.6,n/a,100,100,n/a,n/a,64.8,98.6,99.4,99.7,n/a,30.8,100,100,n/a,n/a,50,100,100,n/a,100,n/a,100,n/a,n/a,64.8,n/a,n/a,n/a,n/a,99,68.5,100,50,n/a,100,n/a,n/a,n/a,n/a,n/a,n/a,n/a,n/a,n/a,n/a,50,66.7,100,n/a,100,n/a
Italy,E2,70.3,69.5,75.8,69.1,54.7,100,77.4,77.9,35,3.1,10.3,80.6,37.3,23.6,88.9,1.1,67.2,100,100,96,0,100,100,33.3,8.6,100,100,100,75.7,90.3,63.9,98.6,99.4,99.5,61,33.1,50,100,73.2,83.3,50,100,100,63.1,100,62.2,100,70,61.1,76,35.6,0,62.9,79.6,99,69.3,100,50,39,100,17.1,9.4,22.2,26.9,58.3,70.2,75,100,100,0,50,66.7,100,100,100,0
Italy,E3,70.9,70.2,74.6,71.6,58.3,100,71.7,71.6,38.2,5.7,17.4,84.2,43.7,27.7,87.9,1.1,67.8,100,100,98,0,100,100,33.3,10.7,100,100,100,76.7,91.8,69.7,98.6,99.3,99.5,61.6,34.8,50,100,75.7,83.3,50,100,100,68.1,100,44.7,100,61.2,89.2,76,73.9,0,60.9,79.6,99,69.3,100,50,36.5,100,33.3,8.6,10.6,26.2,40.5,66.7,50,50,100,0,50,66.7,100,100,100,0
Italy,E4,76.8,74.3,76.1,75,60,100,73.3,71.9,40.7,8.5,24.2,87.2,48.2,29.1,86.8,1.1,80.5,100,100,99,100,100,100,33.3,11.5,100,100,100,76.6,92.3,71.7,98.6,99.3,99.5,60.9,32.6,50,100,89.6,100,100,100,100,79.1,100,24.3,100,66.7,88.9,84.2,68.9,100,66.6,79.6,99,69.3,100,50,43.9,100,51.4,3.1,29.6,26.9,52.5,76.2,50,50,100,0,50,66.7,100,100,100,66.7
Italy,E5,79.6,75.4,78.4,76,61.5,100,73.9,80.5,42.9,11,29.3,87.7,47.2,33.4,90.3,1.1,80.5,100,100,100,100,100,100,33.3,10.5,100,100,100,86.4,95.5,83.9,99.2,99.3,99.5,77.4,32.1,100,100,87,100,100,100,100,74,100,38.4,100,30.3,51.9,84.2,87.3,100,69.4,79.6,99,69.3,100,50,45.4,100,48.7,16.9,24.4,21.9,60.5,83.3,50,50,100,0,100,66.7,100,100,100,66.7
Jamaica,E1,n/a,n/a,n/a,34.4,16.9,78.6,n/a,n/a,n/a,2.7,6.8,68.8,9.5,6.6,70.7,1.2,n/a,100,90,0,n/a,n/a,n/a,n/a,22.2,n/a,98.2,98.4,n/a,n/a,52.6,93.9,95,98.3,n/a,16.5,0,0,n/a,n/a,n/a,n/a,n/a,n/a,n/a,n/a,n/a,n/a,n/a,47.8,n/a,n/a,n/a,n/a,85.8,63.8,n/a,n/a,n/a,n/a,n/a,n/a,n/a,n/a,n/a,n/a,n/a,n/a,n/a,n/a,n/a,n/a,n/a,n/a,100,n/a
Jamaica,E2,51.2,58.5,63.7,39.3,21,82.5,97.4,78.5,28.1,4.7,8.5,78.5,11.2,7.2,85,1.6,44.4,100,95,5,0,100,0,33.3,22.1,97.8,100,95.5,45.5,85.7,52.2,97.2,95.2,98.4,5.3,15.8,0,0,43.5,33.3,50,0,50,53.7,100,37.8,66.7,76.7,66.7,66.4,15.6,0,57.2,69,85.8,65.4,100,25,38.2,0,42.9,78.1,25.9,34.6,47.8,64.3,50,100,0,0,100,0,100,100,100,0
Jamaica,E3,54,59.8,60.4,52.8,17.5,75.9,74.3,81.6,31.6,5.7,9.6,82.2,21.2,12.6,88.1,1.7,49.4,100,95,45,0,100,0,33.3,22,97.8,100,95.5,45.1,84.9,52.6,97.7,91.8,97.5,5.4,16.1,0,0,46.2,33.3,50,0,50,59,100,45.9,100,80,55.6,66.4,24.4,0,64.7,81.7,85.8,66.1,100,75,44.5,0,37.1,75,63,50,42,67.9,75,100,0,100,100,0,100,100,100,0
Jamaica,E4,55.4,64.6,60.1,52.8,20.7,71.1,74.3,81.6,33.6,5.1,10.3,82.8,28.9,17.8,88.7,1.7,65.8,100,98,73,0,100,100,33.3,21.7,98.9,100,97.8,44.2,83.2,46.4,97.1,91.8,97.5,5.1,15.3,0,0,50.6,33.3,100,0,0,67.8,100,51.4,66.7,66.7,77.8,59.1,71.1,50,62.4,75.5,85.8,66.1,100,50,47.5,0,91.4,43.8,55.6,53.8,40.5,64.3,50,100,0,0,100,0,100,100,100,0
Jamaica,E5,55.4,67.3,62.6,52.8,23,72.7,86.5,77.9,39.4,6.1,15.4,86.8,41.9,30.9,92.9,1.7,68.7,100,99,94,0,100,100,33.3,23.4,98.4,100,96.8,46.1,87.3,62.8,97.1,91.8,97.5,5,15,0,0,45,33.3,100,0,0,56.7,100,37.8,66.7,23.3,83.3,59.1,33.3,50,63.4,75.5,85.8,66.1,100,50,50.3,100,28.6,87.5,22.2,23.1,40.5,64.3,50,100,0,0,100,0,100,100,100,0
Japan,E1,n/a,n/a,n/a,97.2,64.8,95.5,n/a,n/a,n/a,26.7,28.2,80.8,26.5,16,70.7,0.7,n/a,99.8,99.9,99,n/a,100,100,n/a,5,n/a,100,100,n/a,n/a,54.6,94.3,97.9,99.8,n/a,81.9,50,100,n/a,n/a,50,100,100,n/a,100,n/a,100,n/a,n/a,89,n/a,n/a,n/a,n/a,100,87.4,100,50,n/a,100,n/a,n/a,n/a,n/a,n/a,n/a,n/a,n/a,n/a,n/a,100,66.7,100,n/a,100,n/a
Japan,E2,71.1,72.7,81.7,96.2,66.4,100,68.6,77.5,42.1,34.8,36.3,85.9,31.5,20.5,84.6,0.8,67.1,99.8,99.9,99,0,100,100,33.3,4.5,100,100,100,81.9,87.1,56.8,94.3,97.6,99.8,76.6,79.8,50,100,68.7,83.3,50,100,100,54,100,29.7,100,30,22.2,97,53.3,0,61.3,84.7,100,89,100,50,29,100,17.1,15.6,14.8,11.5,14.9,70.2,25,0,0,100,100,66.7,100,100,100,0
Japan,E3,73.8,74.2,83.8,96.2,67.8,100,73.5,81.6,45.9,44.6,41.5,87.6,33.9,25.2,87.5,0.8,67.1,99.8,99.9,99,0,100,100,33.3,4.5,100,100,100,83.9,91.7,72.6,96.8,97.7,99.7,76,78.1,50,100,68.2,72.2,50,66.7,100,64.1,100,22.7,100,33.5,78.6,97,80.9,0,69.2,91.2,100,89.8,100,75,46.1,100,43.1,38,42.2,29.2,24.1,70.2,25,0,0,100,100,66.7,100,100,100,0
Japan,E4,78.5,77.4,82.6,95.7,69.6,100,71.1,76.5,49.6,52.3,50.5,88.7,36.8,31,87.2,0.8,77.5,99.8,99.9,99,50,100,100,66.7,5,100,100,100,83.9,93,77.6,97.1,97.7,99.7,74.8,74.5,50,100,76.6,77.8,100,33.3,100,75.5,100,5.4,100,53.3,72.2,90.6,82.2,100,75.9,97.4,100,89.8,100,100,41.1,100,17.1,37.5,33.3,42.3,16.4,89.3,25,0,0,100,100,100,100,100,100,100
Japan,E5,79.3,79.9,83.3,95.7,71.4,100,70.5,79,52.6,60,54,89,40.3,35.1,89.1,0.8,83.9,99.8,99.9,99,100,100,100,66.7,5.5,100,100,100,85.3,95.9,87.1,99.1,97.7,99.7,74.6,73.8,50,100,72.6,77.8,100,33.3,100,67.3,100,9.7,100,11,57.2,90.6,70.2,100,79.4,97.4,100,89.8,100,100,51.6,100,65.1,8,63.5,44,28.7,89.3,25,0,0,100,100,100,100,100,100,100
Jordan,E1,n/a,n/a,n/a,75.8,7.1,100,n/a,n/a,n/a,3.4,4.1,66.8,31.6,10.7,71.9,0.7,n/a,98,99,80,n/a,n/a,n/a,n/a,0,n/a,100,100,n/a,n/a,32.6,96.7,95.7,97.3,n/a,13.5,50,0,n/a,n/a,n/a,n/a,n/a,n/a,n/a,n/a,n/a,n/a,n/a,41,n/a,n/a,n/a,n/a,97.5,70.1,n/a,n/a,n/a,n/a,n/a,n/a,n/a,n/a,n/a,n/a,n/a,n/a,n/a,n/a,n/a,n/a,n/a,n/a,100,n/a
Jordan,E2,n/a,n/a,n/a,78.9,6.6,72.9,65.6,80.3,n/a,4,5.3,78.5,41.1,11.5,90.1,1.2,n/a,98,97.5,87,n/a,n/a,n/a,n/a,0,n/a,100,100,n/a,n/a,35.9,97.7,93.4,97.4,n/a,13.8,50,0,n/a,n/a,n/a,n/a,n/a,n/a,n/a,n/a,n/a,n/a,n/a,50.3,n/a,n/a,n/a,n/a,97.5,70.9,n/a,n/a,n/a,n/a,n/a,n/a,n/a,n/a,n/a,n/a,n/a,n/a,n/a,n/a,n/a,n/a,n/a,n/a,100,n/a
Jordan,E3,56.4,62.9,54.3,37.2,7.2,69.4,78.9,79,36.2,6.7,9.5,82.7,46.7,13,93,1.7,61.1,100,99.2,90,0,100,100,0,0,100,100,100,51.5,81.2,38.6,96.2,92.5,97.6,21.8,15.5,50,0,48.7,50,50,0,100,47.5,50,35.1,100,63.3,50,50.3,31.1,0,62.5,79,97.5,68.5,100,50,35.8,0,51.4,59.4,44.4,26.9,32.3,72.6,75,100,100,0,100,33.3,100,100,100,0
Jordan,E4,61.7,66.1,53.5,37.2,8.6,57.8,89,75.1,40.2,12.7,15.8,86.8,55.7,13.3,95.6,1.7,70.7,100,99.8,99,0,100,100,66.7,0,100,100,100,51.9,81.4,39.2,96.4,92.5,97.6,22.4,17.2,50,0,65.4,66.7,100,0,100,64.1,50,27,100,46.7,88.9,49.5,51.1,100,63.2,79.8,97.5,71.7,100,50,37.2,0,45.7,40.6,44.4,57.7,34.4,72.6,75,100,100,0,100,33.3,100,100,100,0
Jordan,E5,62.5,67,50.9,37.2,9.7,47.3,82.6,77.6,46.4,22.5,26.1,90.2,67.1,18.4,98.6,1.7,70.7,100,99.8,99,0,100,100,66.7,0,100,100,100,52.2,81.8,42.8,94.5,92.5,97.6,22.6,17.8,50,0,70.2,77.8,100,33.3,100,62.6,50,32.4,100,46.7,77.8,49.5,44.4,100,60.6,79.9,97.8,71.7,100,50,39.9,0,45.7,71.9,44.4,46.2,31.4,61.9,100,100,100,100,100,33.3,0,100,100,0
Kazakhstan,E1,n/a,n/a,n/a,82.1,27.9,100,n/a,n/a,n/a,9.2,9.3,82.4,28,10.8,72.7,2.3,n/a,93.3,72.7,65.5,n/a,100,100,n/a,3.6,n/a,100,100,n/a,n/a,41.6,99,99.3,99.7,n/a,5.2,50,0,n/a,n/a,50,100,50,n/a,50,n/a,66.7,n/a,n/a,35.9,n/a,n/a,n/a,n/a,99.8,81.1,100,75,n/a,100,n/a,n/a,n/a,n/a,n/a,n/a,n/a,n/a,n/a,n/a,100,66.7,0,n/a,100,n/a
Kazakhstan,E2,60.1,66.4,74.2,84.4,28.1,100,79.8,79,34.8,10.8,11,84.3,35.5,12.7,86.2,2.8,56.6,93.3,86.8,69,0,100,100,0,3.6,100,100,100,53.2,88.1,54.4,99,99.1,99.8,18.2,4.7,50,0,49.7,66.7,50,100,50,32.8,50,35.1,33.3,33.3,27.8,67.5,15.6,0,71.2,89,99.8,81.1,100,75,51,100,31.4,59.4,51.9,53.8,9.3,73.8,50,100,0,0,100,66.7,100,100,100,0
Kazakhstan,E3,61.9,68.7,75.9,84.9,30.4,100,83.8,80.3,37.5,12.2,12.6,85.4,43.5,16.8,90.1,1.9,61.3,93.3,87.5,72.9,0,100,100,33.3,3.5,100,100,100,53.7,89,57.7,99.5,99,99.7,18.5,5.4,50,0,58.6,66.7,50,100,50,50.5,50,36.4,66.7,58.3,84.4,67.5,40.7,0,66.6,89.2,99.8,81.9,100,75,36.7,100,3.9,47,36.7,24.4,8.4,73.8,50,100,0,0,100,66.7,100,100,100,0
Kazakhstan,E4,67.1,71.3,77.7,87.6,28.7,100,86.5,85.6,39.4,15.6,16,86.8,47.7,17.2,91,1.8,67.9,93.3,87.9,75.3,50,100,100,33.3,3.5,100,100,100,54.2,89.8,61.1,99.5,99,99.7,18.6,5.7,50,0,77.9,83.3,100,100,50,72.5,100,48.6,100,43.3,77.8,70.1,40,100,65.2,76.7,99.8,81.9,100,25,35.6,100,20,40.6,18.5,26.9,7.4,83.3,50,100,0,0,100,100,100,100,100,33.3
Kazakhstan,E5,65.1,67.7,75.2,90.3,28.9,100,79.1,77.8,39.7,19.4,20.1,88.9,38.7,16.7,92.4,1.9,55.9,96.1,88.8,75.7,50,100,0,33.3,3.4,100,100,100,54.1,89.3,59.1,99.6,99,99.7,18.9,6.7,50,0,72.1,83.3,100,100,50,60.8,100,24.3,100,3.3,44.4,70.1,44.4,100,66.5,76.7,99.8,81.9,100,25,44.2,100,31.4,40.6,40.7,42.3,10.4,78.6,50,100,0,0,100,66.7,100,100,100,33.3
Kenya,E1,n/a,n/a,n/a,29.7,0.6,49.1,n/a,n/a,n/a,3.1,3.7,73.2,17,7.9,70.2,3.6,n/a,84.3,69,7,n/a,100,100,n/a,2.7,n/a,55.3,6.8,n/a,n/a,24.6,93.3,92.2,88.4,n/a,8.9,0,50,n/a,n/a,50,100,50,n/a,100,n/a,66.7,n/a,n/a,37.4,n/a,n/a,n/a,n/a,73.7,38.6,100,0,n/a,100,n/a,n/a,n/a,n/a,n/a,n/a,n/a,n/a,n/a,n/a,50,66.7,100,n/a,100,n/a
Kenya,E2,56.8,49,45.3,29.8,0.6,49.8,66.2,80.2,30.2,3.1,5.1,78.9,21.6,11.9,87,3.5,53.1,89,78,21.5,0,100,100,33.3,2.6,67.5,75.5,59.6,48.2,76.6,30.4,93.8,93.3,88.7,19.9,9.7,0,50,67.4,83.3,50,100,100,51.5,100,59.5,66.7,83.3,44.4,45,13.3,0,62.7,53.3,73.7,39.4,100,0,71.7,100,71.4,90.6,59.3,46.2,63,63.1,25,0,0,100,50,66.7,100,100,100,0
Kenya,E3,57.9,51.7,40.7,24.8,1.2,55.5,50,72.2,33.7,4.4,6.7,80.4,28,13.7,89.7,12.9,54.6,90.8,85,25,0,100,100,33.3,2.5,77.9,88.3,67.5,57.2,77.8,34.7,93.8,93.7,89,36.6,9.9,0,100,70.6,83.3,50,100,100,57.8,100,59.2,66.7,65.5,83.9,45,42.4,0,52,53.5,73.7,40.2,100,0,41.9,0,46,53,70.7,36.7,44.7,60.7,25,0,0,100,100,0,100,100,100,0
Kenya,E4,64.5,54.9,47.7,24.8,1.5,66.5,64.2,81.6,35.2,5.5,6.8,84.1,33.4,13.5,90.2,12.9,54,92.2,86,35,0,50,100,66.7,2.5,82.8,100,65.6,57.5,78.4,35.8,95.2,93.7,89,36.5,9.4,0,100,85.9,100,100,100,100,71.7,100,75.7,33.3,76.7,72.2,49.3,66.7,100,59.7,54.5,77.1,40.9,100,0,49.6,0,68.6,75,51.9,34.6,67.5,75,25,0,0,100,100,100,100,100,100,0
Kenya,E5,66.6,57.7,43.9,17.7,2,73.9,53.8,72.1,39.5,7.3,6.8,84.9,47.2,19,92.5,18.9,58.2,94.1,93.3,57,50,50,50,66.7,4.8,89.3,100,78.5,57,77.9,33.1,95.8,93.7,89,36.2,8.5,0,100,85.4,100,100,100,100,70.9,100,67.6,33.3,76.7,66.7,49.3,73.3,100,66.2,67,77.1,40.9,100,50,49.4,100,25.7,40.6,37,34.6,58.5,82.1,75,50,100,100,100,100,100,100,100,0
Kuwait,E1,n/a,n/a,n/a,76.8,3,100,n/a,n/a,n/a,5,4.4,75.6,47.4,13.6,86.9,2.3,n/a,98.2,97.2,96.6,n/a,n/a,n/a,n/a,0,n/a,100,100,n/a,n/a,24.7,99.4,98.4,99.9,n/a,50.5,50,100,n/a,n/a,n/a,n/a,n/a,n/a,n/a,n/a,n/a,n/a,n/a,63.1,n/a,n/a,n/a,n/a,94.7,44.9,n/a,n/a,n/a,n/a,n/a,n/a,n/a,n/a,n/a,n/a,n/a,n/a,n/a,n/a,n/a,n/a,n/a,n/a,100,n/a
Kuwait,E2,60.2,67.2,69.3,77.6,5.5,100,83.8,79.3,37.1,7.4,6.3,83.1,52.8,15.2,91.9,3.1,62.4,100,100,99,0,100,100,0,0,100,100,100,73.9,81.2,26.6,99.4,99,99.9,66.6,49.7,50,100,46.6,44.4,50,33.3,50,48.8,100,45.9,33.3,63.3,83.3,64.2,0,0,53.1,72.6,94.7,45.7,100,50,51.1,100,62.9,31.3,37,50,25.3,35.7,50,100,0,0,0,0,100,0,100,0
Kuwait,E3,63.3,69.6,74.8,99.7,6.2,100,83.8,84.2,41.3,7.8,7.7,86.4,65.2,23.9,95.5,2.9,62.4,100,99.8,99.6,0,100,100,0,0,100,100,100,77.9,88.4,55.5,99.4,98.8,99.9,67.3,52,50,100,47.6,44.4,50,33.3,50,50.8,100,44.7,66.7,38.3,51.1,64.2,41.2,0,57.9,72.9,95.1,46.5,100,50,60.4,100,30.4,45.5,75.9,67.7,42.9,40.5,50,100,0,0,0,33.3,100,0,100,0
Kuwait,E4,73.9,76,74.2,100,5.4,100,82.8,83,44.7,9.3,11.8,88.6,70.8,31.8,97.2,3.2,85,100,100,100,100,100,100,66.7,13.6,100,100,100,81,93.4,75.6,99.4,98.8,99.9,68.5,55.4,50,100,78.5,88.9,100,66.7,100,68.1,100,27,100,50,88.9,71,57.8,50,60.1,60.4,95.2,46.5,100,0,65,100,57.1,59.4,59.3,69.2,45.1,54.8,50,100,0,0,0,100,100,0,100,33.3
Kuwait,E5,75.9,77.3,73.8,100,4.3,100,81.8,83,50.4,10.3,32.1,90.3,72,44.7,98.8,4.3,85.2,100,100,100,100,100,100,66.7,15.1,100,100,100,80.8,94,77.5,99.6,98.8,99.9,67.7,53,50,100,81.3,100,100,100,100,62.7,100,21.6,100,26.7,72.2,71,60,50,64.2,60.4,95.2,46.5,100,0,70.2,100,54.3,75,51.9,84.6,55.5,61.9,50,100,0,0,50,100,100,0,100,33.3
Laos,E1,n/a,n/a,n/a,13.1,0.5,25.7,n/a,n/a,n/a,3,2.5,70.8,3.7,1.5,74.8,0.6,n/a,96.1,65,5,n/a,n/a,n/a,n/a,0,n/a,96.2,81.4,n/a,n/a,14.5,93.6,93.7,96.8,n/a,26.3,50,0,n/a,n/a,n/a,n/a,n/a,n/a,n/a,n/a,n/a,n/a,n/a,18.5,n/a,n/a,n/a,n/a,81.1,29.1,n/a,n/a,n/a,n/a,n/a,n/a,n/a,n/a,n/a,n/a,n/a,n/a,n/a,n/a,n/a,n/a,n/a,n/a,100,n/a
Laos,E2,n/a,n/a,n/a,18.5,0.8,28.2,67.1,72.1,n/a,3.1,2.5,79.6,14.4,4.5,82.3,0.6,n/a,96.1,69,7,n/a,n/a,n/a,n/a,0,n/a,98.7,85,n/a,n/a,34.5,93.6,94.6,96.1,n/a,25.8,50,50,n/a,n/a,n/a,n/a,n/a,n/a,n/a,n/a,n/a,n/a,n/a,40.7,n/a,n/a,n/a,n/a,81.1,29.9,n/a,n/a,n/a,n/a,n/a,n/a,n/a,n/a,n/a,n/a,n/a,n/a,n/a,n/a,n/a,n/a,n/a,n/a,100,n/a
Laos,E3,n/a,n/a,n/a,1.4,0.8,23.8,73.1,73.4,n/a,5.9,5.6,85.2,34.4,12.4,89.8,0.6,n/a,88.2,78,9,n/a,n/a,n/a,n/a,0,n/a,100,91.2,n/a,n/a,26.2,96.2,99,97.4,n/a,25.5,50,50,n/a,n/a,n/a,n/a,n/a,n/a,n/a,n/a,n/a,n/a,n/a,40.7,n/a,n/a,n/a,n/a,81.1,29.9,n/a,n/a,n/a,n/a,n/a,n/a,n/a,n/a,n/a,n/a,n/a,n/a,n/a,n/a,n/a,n/a,n/a,n/a,50,n/a
Laos,E4,52,53.6,38.6,1.4,1.4,22.3,89.6,78.4,40.6,9.4,9.5,90.4,58.2,24,92.2,0.6,39.8,88.2,78,43,50,0,50,0,9,95.6,98,93.2,60.3,79.3,24.3,96.5,99,97.4,41.3,23.9,50,50,45.8,50,100,0,50,41.6,50,35.1,33.3,23.3,94.4,34.4,62.2,0,48.3,50.7,81.1,29.9,66.7,25,58.4,100,54.3,31.3,51.9,92.3,20.6,35.7,50,100,0,0,0,0,0,100,100,0
Laos,E5,52.2,55,36,1.4,2.3,31.1,66.4,78.6,43,16.8,16.7,92.7,56.2,23,94.7,0.6,45.6,90.2,82,43,100,0,50,0,0,95.4,97.8,93.1,62.2,83.2,40.2,96.2,99,97.4,41.2,23.5,50,50,48,50,100,0,50,45.9,50,52.7,33.3,54.7,72.8,34.4,69.6,0,43.8,50.7,81.1,29.9,66.7,25,45.1,100,33.3,14.8,7,67.7,47.7,35.7,0,0,0,0,50,0,0,100,100,0
Latvia,E1,n/a,n/a,n/a,75.9,53.7,99.7,n/a,n/a,n/a,21,21.9,90.8,42.4,23.2,95.2,3.8,n/a,98,95,90,n/a,n/a,n/a,n/a,64,n/a,100,100,n/a,n/a,54.3,99.1,99,99.7,n/a,18.9,50,50,n/a,n/a,n/a,n/a,n/a,n/a,n/a,n/a,n/a,n/a,n/a,67.7,n/a,n/a,n/a,n/a,99.9,89.8,n/a,n/a,n/a,n/a,n/a,n/a,n/a,n/a,n/a,n/a,n/a,n/a,n/a,n/a,n/a,n/a,n/a,n/a,100,n/a
Latvia,E2,n/a,n/a,n/a,77.2,56.1,100,80.2,83,n/a,23.3,24.6,91.6,43.1,24.4,97.5,4.2,n/a,98,99,95,n/a,n/a,n/a,n/a,64.6,n/a,100,100,n/a,n/a,55.7,99.1,99,99.5,n/a,19.5,50,50,n/a,n/a,n/a,n/a,n/a,n/a,n/a,n/a,n/a,n/a,n/a,89.9,n/a,n/a,n/a,n/a,99.9,89.8,n/a,n/a,n/a,n/a,n/a,n/a,n/a,n/a,n/a,n/a,n/a,n/a,n/a,n/a,n/a,n/a,n/a,n/a,100,n/a
Latvia,E3,n/a,n/a,n/a,78.5,57.5,96.3,85.1,83,n/a,25.4,25.9,91.3,44.4,26,98.3,4.5,n/a,98,99,95,n/a,n/a,n/a,n/a,65.3,n/a,100,100,n/a,n/a,55.7,99.1,98.6,99.5,n/a,21.3,50,50,n/a,n/a,n/a,n/a,n/a,n/a,n/a,n/a,n/a,n/a,n/a,89.9,n/a,n/a,n/a,n/a,99.9,89.8,n/a,n/a,n/a,n/a,n/a,n/a,n/a,n/a,n/a,n/a,n/a,n/a,n/a,n/a,n/a,n/a,n/a,n/a,50,n/a
Latvia,E4,70.2,74.4,76.8,81.5,58.2,77.4,80.3,86.8,48.9,34.7,36.3,93.1,46.1,29.1,98.4,4.5,71.8,98,99,95,50,100,0,66.7,65.6,100,100,100,64.3,88,54.6,99.1,98.6,99.5,40.7,22.1,50,50,80,83.3,100,100,50,76.6,100,43.2,66.7,60,83.3,84.2,75.6,100,62.3,78.7,99.9,89.8,100,25,44,100,20,40.6,33.3,38.5,31.4,64.3,50,100,0,0,0,66.7,100,100,100,33.3
Latvia,E5,76.3,78.1,77.3,85.4,56.9,78.8,82.7,83,52.9,49.3,49.2,93,44.2,31.3,98.8,4.5,82.3,98,99,95,100,100,0,66.7,100,100,100,100,65.8,90.8,65.7,99.3,98.6,99.5,40.8,22.3,50,50,85.9,100,100,100,100,71.8,100,43.2,66.7,50,61.1,84.2,68.9,100,75.2,78.7,99.9,89.8,100,25,50.6,100,60,46.9,37,19.2,40.5,96.4,75,100,100,0,100,100,100,100,100,100
Lebanon,E1,n/a,n/a,n/a,75.6,41.9,41.6,n/a,n/a,n/a,0.5,0.2,55.6,14.1,10,78.6,1.1,n/a,99,97,48,n/a,n/a,n/a,n/a,21.8,n/a,100,99.2,n/a,n/a,38.6,94.8,94.7,99.2,n/a,30.9,0,0,n/a,n/a,n/a,n/a,n/a,n/a,n/a,n/a,n/a,n/a,n/a,58.2,n/a,n/a,n/a,n/a,92.7,55.9,n/a,n/a,n/a,n/a,n/a,n/a,n/a,n/a,n/a,n/a,n/a,n/a,n/a,n/a,n/a,n/a,n/a,n/a,100,n/a
Lebanon,E2,n/a,n/a,n/a,77.6,41.3,34,78.3,72.7,n/a,0.7,0.7,70.2,26.8,14.1,89.5,0.6,n/a,98.6,98.2,61.7,n/a,n/a,n/a,n/a,21.2,n/a,100,99.2,n/a,n/a,41.9,94.8,94.7,99.2,n/a,30.1,0,0,n/a,n/a,n/a,n/a,n/a,n/a,n/a,n/a,n/a,n/a,n/a,64.2,n/a,n/a,n/a,n/a,92.7,56.7,n/a,n/a,n/a,n/a,n/a,n/a,n/a,n/a,n/a,n/a,n/a,n/a,n/a,n/a,n/a,n/a,n/a,n/a,100,n/a
Lebanon,E3,n/a,n/a,n/a,84.4,41.3,34.8,80.6,77.8,n/a,1.2,1.8,76.2,43.8,28.9,92.2,0.8,n/a,98.6,98.2,97.9,n/a,n/a,n/a,n/a,31.4,n/a,100,99.2,n/a,n/a,43.3,95.3,100,99.3,n/a,30.1,0,0,n/a,n/a,n/a,n/a,n/a,n/a,n/a,n/a,n/a,n/a,n/a,64.2,n/a,n/a,n/a,n/a,92.7,57.5,n/a,n/a,n/a,n/a,n/a,n/a,n/a,n/a,n/a,n/a,n/a,n/a,n/a,n/a,n/a,n/a,n/a,n/a,50,n/a
Lebanon,E4,56.2,63.7,56.5,84.4,0.3,34.8,82.8,80.4,38.8,2.3,2.7,80.7,52.9,36.6,95.2,0.8,59.6,99,98.4,98.2,50,100,0,0,31,100,100,100,47.5,84.7,44.6,94.9,100,99.3,10.2,30.7,0,0,69.5,77.8,100,33.3,100,61.3,100,24.3,100,20,88.9,60.4,46.7,50,44,58.7,93.9,57.5,33.3,50,37.6,50,45.7,37.5,40.7,46.2,5.3,35.7,50,100,0,0,0,66.7,0,0,100,33.3
Lebanon,E5,51.2,63.1,58,84.4,13.1,32.1,82.8,77.8,41.3,4.8,5.4,82.7,55.6,41.8,98.2,0.8,53.2,99.2,99.6,99,50,50,0,0,27.8,100,100,100,48.9,87.5,52.2,98.5,100,99.3,10.3,30.9,0,0,51,61.1,100,33.3,50,41,50,16.2,66.7,10,38.9,60.4,35.6,50,41.8,58.7,93.9,57.5,33.3,50,35.8,50,48.6,43.8,22.2,46.2,4.4,31,50,100,0,0,0,66.7,0,0,100,0
Liberia,E1,n/a,n/a,n/a,2.4,0.3,51.9,n/a,n/a,n/a,4.6,4.6,54,9.9,5.9,50.5,0,n/a,52.9,50,0,n/a,0,0,n/a,14.1,n/a,7.2,2.6,n/a,n/a,0,0,29.7,45.6,n/a,6.1,0,0,n/a,n/a,50,33.3,50,n/a,50,n/a,0,n/a,n/a,13,n/a,n/a,n/a,n/a,35.2,23.6,0,25,n/a,0,n/a,n/a,n/a,n/a,n/a,n/a,n/a,n/a,n/a,n/a,50,0,100,n/a,100,n/a
Liberia,E2,30.4,23.7,35,2.7,0.4,38.3,55.4,78.4,34,5.1,4.6,78.1,44.4,20.4,85.6,0.1,21,52.9,63,4.4,0,0,0,33.3,14.1,4.7,6.6,2.8,10.3,18.5,0,0,28.5,45.6,2,6.1,0,0,44.3,44.4,50,33.3,50,44.2,100,59.5,33.3,90,27.8,16.1,26.7,0,43.5,21.2,35.2,24.4,0,25,48.6,0,51.4,34.4,85.2,73.1,47.5,60.7,25,50,0,0,100,0,100,100,100,0
Liberia,E3,33.4,22.4,25.8,2.7,0.4,27,40.5,58.4,34.9,5.8,5.9,80.8,45,17.7,88.8,0.1,24.1,52.9,63,29.9,0,0,0,33.3,13.4,4.7,6.6,2.8,20.7,39.3,0,72.1,85.1,0,2.1,6.3,0,0,45.6,44.4,50,33.3,50,46.7,100,55.3,33.3,67.7,61.9,16.1,39.1,0,45.1,28,36.1,26,0,50,50,0,50,66.9,72.4,45.2,65.7,57.1,0,0,0,0,100,0,100,100,100,0
Liberia,E4,34.4,26,31.2,2.7,0.4,27,57.2,68.6,36.9,8.1,9.1,81.4,48.3,19.6,91.8,0.1,30.3,52.9,63,29.9,0,0,50,33.3,13.2,5.8,6.9,4.7,20.8,39.6,0,73.5,85.1,0,2,6.1,0,0,46.9,41.7,75,0,50,52.1,100,24.3,33.3,46.7,94.4,14.7,53.3,50,43.8,36.4,36.1,26,33.3,50,44.9,0,57.1,53.1,63,50,46.5,50,0,0,0,0,50,100,0,100,100,0
Liberia,E5,33.4,25,25.2,2.7,0.4,27,36.8,59.1,39.3,8.6,8.3,85.6,55.6,23.4,93.5,0.1,28.6,52.9,63,29.9,0,0,50,33.3,0,6.8,8.3,5.4,25,48,18.2,88.6,85.1,0,2,6.1,0,0,30.8,25,75,0,0,36.6,100,0,33.3,20,50,14.7,24.4,50,52.8,36.4,36.1,26,33.3,50,50.6,0,62.9,62.5,85.2,61.5,31.4,71.4,0,0,0,0,100,100,100,100,100,0
Lithuania,E1,n/a,n/a,n/a,68.2,60.6,100,n/a,n/a,n/a,23.9,26.3,89.6,41.8,25,89.8,4.7,n/a,100,100,91,n/a,n/a,n/a,n/a,43.4,n/a,100,100,n/a,n/a,60.5,99.5,99.5,99.7,n/a,13,50,100,n/a,n/a,n/a,n/a,n/a,n/a,n/a,n/a,n/a,n/a,n/a,62.4,n/a,n/a,n/a,n/a,99.8,89.8,n/a,n/a,n/a,n/a,n/a,n/a,n/a,n/a,n/a,n/a,n/a,n/a,n/a,n/a,n/a,n/a,n/a,n/a,100,n/a
Lithuania,E2,n/a,n/a,n/a,71.6,63.3,100,85.2,85.6,n/a,34.6,41.8,91.6,46.7,29.9,94.9,6.8,n/a,100,100,98,n/a,n/a,n/a,n/a,43.8,n/a,100,100,n/a,n/a,62.1,99.5,99.5,99.7,n/a,13.9,50,100,n/a,n/a,n/a,n/a,n/a,n/a,n/a,n/a,n/a,n/a,n/a,81.4,n/a,n/a,n/a,n/a,99.8,90.6,n/a,n/a,n/a,n/a,n/a,n/a,n/a,n/a,n/a,n/a,n/a,n/a,n/a,n/a,n/a,n/a,n/a,n/a,100,n/a
Lithuania,E3,n/a,n/a,n/a,74.9,59.9,100,79.9,87.1,n/a,35.1,41,91.7,52.2,35.3,96.5,9.1,n/a,100,100,98,n/a,n/a,n/a,n/a,44,n/a,100,100,n/a,n/a,58.2,99.5,98.9,99.7,n/a,14.9,50,100,n/a,n/a,n/a,n/a,n/a,n/a,n/a,n/a,n/a,n/a,n/a,81.4,n/a,n/a,n/a,n/a,99.8,91.3,n/a,n/a,n/a,n/a,n/a,n/a,n/a,n/a,n/a,n/a,n/a,n/a,n/a,n/a,n/a,n/a,n/a,n/a,50,n/a
Lithuania,E4,76.8,79.7,79.5,78.3,60,100,80.2,79.1,53.8,36.1,41.5,93.5,54.9,41.5,97.7,11.7,85.5,100,100,99,50,100,100,66.7,68.2,100,100,100,72.2,89.2,58.6,99.5,98.9,99.7,55.3,15.9,50,100,82.8,100,100,100,100,65.5,100,56.8,66.7,56.7,88.9,86.2,68.9,0,72.6,91.5,99.8,91.3,100,75,52.6,100,34.3,37.5,48.1,46.2,49.5,73.8,50,100,0,0,100,66.7,100,100,100,0
Lithuania,E5,77.5,81.1,80.7,81.4,61.2,100,77.8,83,58.1,47.5,51.1,94,52.8,46.7,98.4,15.8,85.7,100,100,100,50,100,100,66.7,69.2,100,100,100,73.4,91.2,67,99,98.9,99.7,55.6,16.9,50,100,86.7,100,100,100,100,73.5,100,35.1,100,43.3,61.1,86.2,62.2,100,68.7,91.5,99.8,91.3,100,75,45.6,100,31.4,25,51.9,30.8,34.4,69,50,100,0,0,100,33.3,100,100,100,0
Madagascar,E1,n/a,n/a,n/a,5.5,0.2,14.5,n/a,n/a,n/a,5.3,5.7,56.8,9.9,5.9,50.5,0.4,n/a,51,61,21,n/a,50,0,n/a,2.6,n/a,29.5,3.4,n/a,n/a,6.8,32.9,42.8,64.5,n/a,6.1,50,0,n/a,n/a,50,66.7,50,n/a,50,n/a,66.7,n/a,n/a,9.3,n/a,n/a,n/a,n/a,64.9,37,0,0,n/a,100,n/a,n/a,n/a,n/a,n/a,n/a,n/a,n/a,n/a,n/a,0,0,100,n/a,0,n/a
Madagascar,E2,32.2,27.7,27.1,6.7,0.2,2.6,56.2,70,26.8,8.1,8.9,72.9,19.3,8.7,69.4,0.5,30.7,56.9,63,23.1,0,100,0,0,2.6,26.3,46,6.5,28.1,37.5,10.9,32.9,45,61.2,18.7,6.1,50,0,36.2,44.4,50,33.3,50,28,50,40.5,66.7,16.7,0,27.8,22.2,0,36.5,33.8,64.9,37,33.3,0,40.1,100,14.3,40.6,29.6,42.3,13.8,35.7,0,0,0,0,50,0,100,100,0,0
Madagascar,E3,39,28,24.8,7.9,0.2,4.6,61.1,49.9,29.7,10.2,11.9,78.3,20.9,7.2,78.9,0.5,31.3,58.9,64,25,0,100,0,0,2.5,26.3,46,6.5,36.2,53.7,18.6,71.2,71.6,53.4,18.8,6.3,50,0,40.6,44.4,50,33.3,50,36.7,50,27,66.7,50,38.9,27.8,33.3,0,51.2,52.6,64.9,37,33.3,75,58.2,100,45.7,37.5,48.1,53.8,64.2,42.9,0,0,0,0,50,0,100,100,50,0
Madagascar,E4,40.9,31.6,34.1,13,0.2,11,63.4,83,30.8,13.2,14.5,79.4,21.2,7,79.5,0.5,35.8,60.8,65,25,0,0,100,33.3,2.5,25.8,39.7,11.9,37.6,56.5,26,74.9,71.6,53.4,18.7,6.1,50,0,45.1,47.2,75,66.7,0,43,50,64.9,33.3,66.7,77.8,20.3,31.1,0,49.1,55.6,68.9,37,66.7,50,48.8,100,45.7,28.1,37,38.5,43.5,42.9,0,0,0,0,50,0,100,100,50,0
Madagascar,E5,41.1,34.4,28.4,13,0.2,11,61.9,55.7,31.9,18.2,14.7,86.3,20.9,8.8,73.9,0.5,35.8,60.8,65,25,100,0,0,33.3,2.4,41.5,60.2,22.8,38,57.3,15.4,88.6,71.6,53.4,18.7,6.1,50,0,41.1,47.2,75,66.7,0,35,50,45.9,33.3,56.7,22.2,20.3,51.1,0,50.8,55.6,68.9,37,66.7,50,54,100,77.1,59.4,44.4,26.9,16.4,42.9,0,0,0,0,50,0,100,100,50,0
Malawi,E1,n/a,n/a,n/a,8.8,0.1,9.7,n/a,n/a,n/a,1.3,1.1,59.6,9.9,5.9,50.5,0.1,n/a,90.2,32,6,n/a,0,50,n/a,3.7,n/a,24.5,3.9,n/a,n/a,0,69.1,58.3,89.9,n/a,6.1,0,0,n/a,n/a,50,0,50,n/a,100,n/a,100,n/a,n/a,12,n/a,n/a,n/a,n/a,53.2,23.6,33.3,0,n/a,50,n/a,n/a,n/a,n/a,n/a,n/a,n/a,n/a,n/a,n/a,0,66.7,0,n/a,100,n/a
Malawi,E2,35.1,25.6,25.3,10.8,0.1,12.1,40.9,62.8,24.5,1.4,2,71.6,8.5,6.6,81.4,0.1,29.6,92.2,42,15.8,0,0,50,33.3,3.6,23.1,43.2,2.9,29.3,56.5,0,72.5,60.4,92.9,2,6.1,0,0,37.3,27.8,50,33.3,0,46.7,100,43.2,100,43.3,61.1,15,11.1,0,48.1,34,53.2,24.4,33.3,25,47.3,100,40,56.3,22.2,34.6,30.8,63.1,25,0,0,100,50,66.7,100,100,100,0
Malawi,E3,36.2,25.8,23.6,10.8,0.1,14.4,31.4,61.3,27.4,2.5,2.7,74.6,21.7,9.4,81.1,0.1,28.9,64.7,50,30,0,0,50,33.3,3.4,23.1,43.2,2.9,31.3,60.5,3,71.9,74,93.1,2.1,6.3,0,0,38.2,27.8,50,33.3,0,48.5,100,37.8,66.7,66.7,55.6,15,46.7,0,49.6,34,53.2,24.4,33.3,25,55.2,100,34.3,53.1,48.1,46.2,49.5,59.5,0,0,0,0,50,66.7,100,100,100,0
Malawi,E4,36.3,29.9,22.3,10.2,0.1,9.5,24.4,67.2,30.3,2.9,3.2,79.1,27.6,12.8,86.7,0.1,36.2,68.6,54,30,0,0,100,33.3,3.3,30.9,57,4.8,31.7,61.4,3,75.6,74,93.1,2,6.1,0,0,35.9,25,75,0,0,46.8,100,48.6,66.7,23.3,66.7,17.9,51.1,0,47.8,25.8,53.2,25.2,0,25,58,100,71.4,46.9,51.9,34.6,43.5,59.5,0,0,0,0,50,66.7,100,100,100,0
Malawi,E5,38.9,32.6,27.7,10.2,0.1,18.2,43.8,66.3,35.6,3.7,3,79.9,46.4,18.5,97.3,0.1,40.2,76.5,78,30,0,0,100,33.3,3.4,26.9,49.4,4.5,31.9,61.7,0.9,78.8,74,93.1,2,6.1,0,0,41.6,41.7,75,0,50,41.5,100,35.1,66.7,36.7,44.4,17.9,31.1,0,49.4,25.8,53.2,25.2,0,25,58,100,54.3,43.8,81.5,19.2,49.5,64.3,0,0,0,0,50,100,100,100,100,0
Malaysia,E1,n/a,n/a,n/a,70,21.6,100,n/a,n/a,n/a,4.8,6.4,75.6,20.7,9.9,74,1.2,n/a,92.2,92,71,n/a,100,50,n/a,2.1,n/a,99.8,98.7,n/a,n/a,45.6,98.7,97.9,99.7,n/a,22.3,100,0,n/a,n/a,50,66.7,100,n/a,100,n/a,100,n/a,n/a,61.1,n/a,n/a,n/a,n/a,93.3,69.3,100,75,n/a,100,n/a,n/a,n/a,n/a,n/a,n/a,n/a,n/a,n/a,n/a,100,66.7,100,n/a,100,n/a
Malaysia,E2,68.6,66.4,71.4,76.8,18.9,100,79.9,81.4,31.8,5.5,8.1,82.2,25.7,12.5,87.5,1.4,63.9,92.2,95.3,88,0,100,100,33.3,2,98.4,99.8,97,63.1,85.6,46.8,98.4,97.8,99.7,40.5,21.6,100,0,67.9,72.2,50,66.7,100,63.6,100,67.6,100,66.7,55.6,79.2,40,0,76.9,84.1,92.2,69.3,100,75,72.7,100,74.3,78.1,59.3,76.9,47.5,73.8,50,0,100,100,100,66.7,100,100,100,0
Malaysia,E3,66.6,65.6,73.1,85.7,18.4,100,79.9,81.4,35.6,8.4,12.6,85.5,33.5,15.4,90.1,3.6,56,91.8,93.6,77.2,0,100,50,33.3,2,97.7,98.5,97,62.8,84.7,43.9,98.6,96.4,99.7,40.9,22.8,100,0,69.7,72.2,50,66.7,100,67.3,100,68.5,100,54.7,83.6,79.2,52.1,0,68.1,71.6,92.2,69.3,100,25,58.9,100,66.9,60.8,46.9,48.8,29.8,73.8,50,0,100,100,100,66.7,100,100,100,0
Malaysia,E4,74.3,71,72.4,87,18.2,100,78.9,77.8,42.4,20,32.6,89.5,40.4,18.7,90.8,5.2,69.3,92.5,94.7,79.7,50,100,100,33.3,4,100,100,100,63.5,85.8,47.7,99.4,96.4,99.7,41.2,23.5,100,0,81.4,88.9,100,66.7,100,73.8,100,59.5,100,36.7,88.9,84.5,71.1,50,81.4,77.9,92.2,69.3,100,50,70,100,82.9,37.5,74.1,73.1,52.5,96.4,75,100,0,100,100,100,100,100,100,100
Malaysia,E5,74.9,72.3,72.7,90.1,19.8,100,77.7,76.2,45.5,23.7,39.7,91,43.3,21,93.5,6.7,70.9,93.5,95.5,87.2,50,100,100,33.3,8,100,100,100,63,85,45.1,98.9,96.4,99.7,41,22.9,100,0,82.8,88.9,100,66.7,100,76.8,100,43.2,100,30,72.2,84.5,84.4,100,81.2,78.2,93.7,69.3,100,50,69.1,100,57.1,68.8,63,73.1,52.5,96.4,75,100,0,100,100,100,100,100,100,100
Mali,E1,n/a,n/a,n/a,7.9,0,100,n/a,n/a,n/a,0.8,0.4,14.8,1.1,2.9,46.9,0.1,n/a,70.6,10,0,n/a,0,0,n/a,0,n/a,47.2,8.4,n/a,n/a,17.5,70.3,70.7,85.6,n/a,5.5,0,0,n/a,n/a,0,0,0,n/a,50,n/a,33.3,n/a,n/a,11.2,n/a,n/a,n/a,n/a,17.3,4.7,0,0,n/a,100,n/a,n/a,n/a,n/a,n/a,n/a,n/a,n/a,n/a,n/a,0,0,100,n/a,100,n/a
Mali,E2,28.5,27.2,35.1,8.6,0.3,82.6,39.8,44.4,18.5,1.4,1.1,45.2,7.8,6,67.5,0.2,11.7,70.6,23,0,0,0,0,0,0,43.6,81.1,6.1,32.7,63.1,22,67.6,70.1,92.7,2.2,6.7,0,0,18.7,0,0,0,0,37.4,50,50.8,33.3,67.7,56.1,21.4,20.1,0,35.2,5.9,17.3,6.3,0,0,57,100,45.4,50.3,50.7,40.6,54.9,42.9,0,0,0,0,0,0,100,100,100,0
Mali,E3,38.6,30.2,39.9,10.3,0.2,89.1,43.5,56.6,25.1,2.1,2.4,65.4,16.1,8.8,80.9,0.2,11.9,62.7,29,0,0,0,0,0,3.7,43.6,81.1,6.1,35.1,67.8,26.5,83.3,69.1,92.4,2.4,7.1,0,0,37.8,44.4,50,33.3,50,31.1,50,43.2,33.3,46.7,16.7,21.4,37.8,0,51.2,37.3,17.3,7.1,100,25,61.5,100,51.4,46.9,44.4,57.7,68.6,54.8,0,0,0,0,50,33.3,100,100,100,0
Mali,E4,41.4,33.8,38.5,17.2,1.3,85.2,38.7,50.1,32.1,2.7,4,73.8,33.8,20.6,89.5,0.2,22.9,100,55,28,0,0,0,0,0,41.7,63.9,19.5,33,63.6,8.3,84.8,69.1,92.4,2.4,7.3,0,0,46,61.1,100,33.3,50,30.9,50,43.2,33.3,46.7,16.7,19.8,37.8,0,52.9,37.5,17.3,7.9,100,25,61.5,100,51.4,46.9,44.4,57.7,68.6,59.5,0,0,0,0,50,66.7,100,100,100,0
Mali,E5,41.9,39.3,43.6,17.2,1.6,86.7,59,53.4,38,3.6,6.5,81.6,47.6,30,96.3,0.2,24.3,100,60,34,0,0,0,0,0,51.6,75.4,27.7,36.6,70.7,29,92.1,69.1,92.4,2.5,7.6,0,0,44.1,50,100,0,50,38.3,50,54.1,33.3,40,55.6,19.8,53.3,0,47.6,32,20.3,7.9,100,0,51.4,100,45.7,50,55.6,34.6,22.4,59.5,0,0,0,0,50,66.7,100,100,100,0
Mexico,E1,n/a,n/a,n/a,39,25.8,58.6,n/a,n/a,n/a,3.7,7.4,78.4,35,13.7,74.8,1,n/a,86.3,89,58,n/a,100,100,n/a,0.5,n/a,99.6,97.2,n/a,n/a,57.7,98,97.1,99.3,n/a,15.4,0,50,n/a,n/a,50,33.3,100,n/a,100,n/a,100,n/a,n/a,49.4,n/a,n/a,n/a,n/a,93.2,56.7,33.3,100,n/a,100,n/a,n/a,n/a,n/a,n/a,n/a,n/a,n/a,n/a,n/a,100,33.3,100,n/a,100,n/a
Mexico,E2,64.8,61.7,55.9,46.8,27.5,60.8,77.9,66.1,33.9,3.4,8.5,81.3,46.6,17.1,79.4,1.3,58.5,86.3,89,58,0,100,100,33.3,1.5,98.6,99.6,97.5,54.3,87.5,54.4,97.8,98.4,99.3,21.2,13.6,0,50,66.8,72.2,50,66.7,100,61.4,100,59.5,100,73.3,83.3,41.8,33.3,0,76.4,81.3,93.7,56.7,100,75,71.5,100,74.3,21.9,81.5,65.4,86.2,76.2,100,100,100,100,100,33.3,100,100,100,0
Mexico,E3,64.5,62.5,55.5,50.8,29,61.8,62.2,73.8,36.1,4.1,10.3,83.3,47.7,20.1,86.1,1.3,58.5,86.3,89,58,0,100,100,33.3,1.5,100,100,100,55,88.7,58.8,98.3,98.4,99.3,21.3,13.8,0,50,68.7,72.2,50,66.7,100,65.2,100,59.2,100,62.3,94.7,41.8,63.9,0,71.6,81.4,93.8,56.7,100,75,64.4,100,54.1,55.9,60,58.8,57.4,69,50,0,100,100,100,33.3,100,100,100,0
Mexico,E4,71,66.3,61,52.8,31,65.4,73.1,83,37.5,5.4,14,86.3,48,21.5,86.4,1.3,66.5,85.6,89.6,88.2,0,100,100,66.7,1.5,100,100,100,64.1,90.3,65.3,98.3,98.4,99.3,37.8,13.4,0,100,82.4,88.9,100,66.7,100,76,100,51.4,100,63.3,83.3,47.6,62.2,100,71.4,75.3,94.3,56.7,100,50,64,100,91.4,21.9,51.9,46.2,72.8,75,25,0,0,100,100,0,100,100,100,100
Mexico,E5,70.9,67.5,61.4,56.3,32.3,65.9,74.7,78,40.4,7,17.8,87.3,52,27.5,90,1.3,68.1,91.8,94.8,90.8,0,100,100,66.7,1,100,100,100,65,92.2,72.1,98.9,98.4,99.3,37.8,13.5,0,100,81.9,88.9,100,66.7,100,75,100,40.9,100,62.3,89.4,47.6,59.6,100,69.1,75.3,94.3,56.7,100,50,53.5,100,76.1,35,17.2,29.2,63.3,78.6,50,50,0,100,100,0,100,100,100,100
Mongolia,E1,n/a,n/a,n/a,22.3,14.8,72.4,n/a,n/a,n/a,8.7,8.7,74.4,23.4,9.5,80.2,0.7,n/a,98,95,0,n/a,50,100,n/a,21.5,n/a,97.2,72.8,n/a,n/a,29.7,97.1,97.5,99.4,n/a,26.3,50,100,n/a,n/a,50,100,50,n/a,100,n/a,66.7,n/a,n/a,28.7,n/a,n/a,n/a,n/a,97.9,68.5,33.3,25,n/a,0,n/a,n/a,n/a,n/a,n/a,n/a,n/a,n/a,n/a,n/a,0,0,100,n/a,100,n/a
Mongolia,E2,62.1,55.7,58.2,22.2,15.8,80.3,88.4,84.2,33.3,10.4,11.2,82.5,32.2,9.8,86,0.8,46.4,98,95,6.9,0,50,100,0,21.5,85,97.3,72.8,80.2,85.2,46.8,97.1,97.5,99.3,75.3,25.8,100,100,63.4,66.7,50,100,50,60.2,100,86.5,66.7,80,61.1,65.3,22.2,0,49.1,56.2,97.9,68.5,33.3,25,24.4,0,2.9,71.9,18.5,30.8,22.3,66.7,50,100,0,0,50,66.7,100,100,100,0
Mongolia,E3,62.2,59.5,62,22.8,19.5,94.8,89.7,83,35.5,11.5,11.7,81.6,41.4,12.7,89,0.7,54.3,98,95,21,0,100,100,0,20.7,86,98.9,73.1,70,81.6,33.4,96.4,97.2,99.4,58.5,25.5,50,100,66.1,66.7,50,100,50,65.6,100,62.8,66.7,66.5,73.9,65.3,89.8,0,53.1,62.6,97.9,69.3,33.3,50,30.1,0,25.9,42.7,30.6,35.8,46,66.7,50,100,0,0,50,66.7,100,100,100,0
Mongolia,E4,66.8,62,66.6,43.1,20.6,100,85.2,84.2,38,13.6,13.7,85.5,49.4,15.4,88.2,0.5,57.5,100,95,45,0,100,100,0,20.4,85.8,99.3,72.3,69.8,81.6,33.2,96.8,97.2,99.4,58,23.9,50,100,81.9,100,100,100,100,63.7,100,70.3,66.7,56.7,66.7,58.2,91.1,0,53.4,62.7,98,69.3,33.3,50,30.8,0,22.9,37.5,48.1,26.9,49.5,66.7,50,100,0,0,50,66.7,100,100,100,0
Mongolia,E5,68.7,63,68.1,43.1,21,100,93.4,83,41.3,14.9,15.9,90,57.6,18.4,90.9,1.3,56.9,100,96,59,0,100,100,0,0,85.9,98.9,73,68.4,79,22.4,96.9,97.2,99.4,57.8,23.5,50,100,77.2,100,100,100,100,54.3,100,24.3,33.3,66.7,83.3,58.2,68.9,0,66,73.1,98,69.3,100,25,44.1,0,54.3,31.3,48.1,69.2,61.5,81,50,100,0,0,50,66.7,100,100,100,100
Morocco,E1,n/a,n/a,n/a,66.4,7.1,94.3,n/a,n/a,n/a,0.4,2.4,49.2,27.2,12.9,74,0.6,n/a,98.4,80,45.4,n/a,100,100,n/a,1.8,n/a,100,97.4,n/a,n/a,31.1,96.8,93.8,98.8,n/a,9.5,50,0,n/a,n/a,50,66.7,100,n/a,50,n/a,33.3,n/a,n/a,41.2,n/a,n/a,n/a,n/a,62.2,28.3,100,0,n/a,100,n/a,n/a,n/a,n/a,n/a,n/a,n/a,n/a,n/a,n/a,0,66.7,100,n/a,100,n/a
Morocco,E2,55.1,61.7,57,68.4,7.6,88.3,48.4,72.2,29,2.2,5.7,61.2,29.5,13.8,89.5,0.8,62.2,99.2,95,68,0,100,100,33.3,1.8,98.7,100,97.4,50.3,80.8,34.2,96.6,93.5,98.8,19.8,9.4,50,0,55.8,72.2,50,66.7,100,39.4,50,32.4,33.3,66.7,72.2,42.8,17.8,0,52.8,60.9,62.2,31.5,100,50,45.1,100,25.7,28.1,18.5,38.5,59.5,52.4,0,0,0,0,0,66.7,100,100,100,0
Morocco,E3,56.2,63,56.6,70.1,8.3,93.4,48.3,62.8,31.3,1.1,5.8,70.7,33.5,14.8,91.7,1.7,65.4,99.2,96,93,0,100,100,33.3,1.8,98.7,100,97.4,51.3,82.8,39.9,96.6,96.1,98.8,19.7,9,50,0,53.8,72.2,50,66.7,100,35.3,50,21.6,33.3,63.3,44.4,42.8,26.7,0,56.6,54.9,62.2,32.3,100,25,62.5,100,25.7,81.3,70.4,61.5,36.4,52.4,0,0,0,0,0,66.7,100,100,100,0
Morocco,E4,60.5,67.3,62.9,74.1,9.2,94.2,64.8,72.3,35.2,1.4,7.5,76.9,42.9,22.4,92.8,2.2,72.3,99.4,98,96,50,100,100,33.3,1.8,99,100,98,51.3,82.9,39.9,96.9,96.1,98.8,19.8,9.3,50,0,73.2,88.9,100,66.7,100,57.4,100,21.6,33.3,16.7,88.9,43.3,55.6,100,50.2,47.9,67.6,32.3,66.7,25,55.1,100,48.6,28.1,63,42.3,48.9,47.6,0,0,0,0,0,33.3,100,100,100,0
Morocco,E5,61.9,69.3,65.7,80.7,10.2,98,64.5,74.8,38.7,1.3,7.9,79.4,51.9,32.2,95.9,2.4,73,99.4,99,98.8,50,100,100,33.3,3.5,99.8,100,99.6,52.8,85.9,52.1,96.7,96.1,98.8,19.6,8.9,50,0,72.4,88.9,100,66.7,100,55.9,100,21.6,66.7,30,88.9,43.3,46.7,50,53.3,56.2,67.6,32.3,100,25,49,100,31.4,46.9,51.9,38.5,25.4,54.8,0,0,0,0,50,33.3,100,100,100,0
Mozambique,E1,n/a,n/a,n/a,12.9,0.3,44.8,n/a,n/a,n/a,1.2,1.1,59.2,2.7,3.1,41.5,0.1,n/a,56.9,40,0,n/a,0,0,n/a,2.3,n/a,62.3,26.2,n/a,n/a,36.6,89.5,82.4,91.3,n/a,6.1,50,0,n/a,n/a,50,66.7,50,n/a,50,n/a,33.3,n/a,n/a,19.9,n/a,n/a,n/a,n/a,45.6,13.4,33.3,50,n/a,50,n/a,n/a,n/a,n/a,n/a,n/a,n/a,n/a,n/a,n/a,100,0,100,n/a,50,n/a
Mozambique,E2,38.1,24.9,28.5,12.9,0.4,24.4,45.3,59.6,20.5,1.1,1.1,70,5.3,4.2,62.1,0,17.3,60.8,75,0,0,0,0,0,2.2,33.4,52.5,14.4,47.4,76.1,34.4,85.5,91.2,93.3,18.7,6.1,50,0,47.1,55.6,50,66.7,50,38.5,50,54.1,33.3,50,50,26.6,44.4,0,33,23.5,45.6,15,33.3,0,50.6,100,62.9,40.6,18.5,0,81.5,25,25,0,0,100,100,0,0,0,50,0
Mozambique,E3,41.5,25.6,28.1,10.5,0.5,11.9,40.9,76.8,24.4,1.5,1.5,77.6,6.9,4.7,78.5,0.3,17.9,60.8,80,0,0,0,0,0,2.2,31.9,51.8,11.9,45.2,71.7,15.4,88.9,90.1,92.5,18.8,6.3,50,0,42,50,50,100,0,33.9,50,32.4,33.3,53.3,33.3,26.6,42.2,0,53.2,37.8,51.4,16.5,33.3,50,65.8,100,62.9,59.4,59.3,46.2,67.1,56,25,0,0,100,100,66.7,100,0,100,0
Mozambique,E4,44.3,33,36.7,10.5,0.5,18.1,83.8,70.4,29.1,2.3,2,81.5,23.8,10.8,82.7,0.3,33.9,70.6,82,33,0,50,0,33.3,2.2,32.5,52,13,45,71.3,12.9,89.5,90.1,92.5,18.7,6.1,50,0,52.9,66.7,100,100,0,39.2,50,62.2,33.3,43.3,66.7,20,37.8,0,46.5,33.7,51.4,16.5,66.7,0,48.6,100,45.7,28.1,48.1,23.1,46.5,57.1,50,100,0,0,50,100,100,0,100,0
Mozambique,E5,39.7,33.1,27.9,10.5,0.5,19.1,48.4,60.8,33.3,3,2.8,84.7,36.2,16.9,88.9,0.3,34.5,70.6,82,40,0,50,0,33.3,0,36.9,52,21.8,45.8,72.8,18.4,90.3,90.1,92.5,18.7,6.1,50,0,32.3,33.3,100,0,0,31.3,50,32.4,33.3,23.3,55.6,20,35.6,0,47.8,39.9,51.4,16.5,66.7,25,58.2,100,48.6,65.6,66.7,30.8,37.4,45.2,0,0,0,0,50,66.7,100,0,100,0
Myanmar,E1,n/a,n/a,n/a,19.5,0.1,48.1,n/a,n/a,n/a,3.8,2.6,64.8,4,3.4,54.4,0.2,n/a,90.2,79.3,0,n/a,0,100,n/a,0,n/a,54.7,18,n/a,n/a,13,90.9,89.4,95,n/a,26.3,50,0,n/a,n/a,50,0,100,n/a,100,n/a,66.7,n/a,n/a,9.6,n/a,n/a,n/a,n/a,69.8,27.6,66.7,50,n/a,100,n/a,n/a,n/a,n/a,n/a,n/a,n/a,n/a,n/a,n/a,0,0,0,n/a,50,n/a
Myanmar,E2,50.5,41.8,45.7,24.2,0.4,65.6,60.3,78,25.6,3.9,3.5,75.1,16.6,7,72.6,0.2,36.2,89.9,90.5,9.2,0,0,100,0,0,59.6,76,43.2,52.1,78.9,30.5,97.7,92,95.2,25.3,25.8,50,0,58,61.1,50,33.3,100,54.9,100,56.8,66.7,70,88.9,21.4,35.6,0,50.1,41,69.8,27.6,66.7,0,62.8,100,57.1,84.4,33.3,61.5,40.5,46.4,25,0,0,100,50,0,100,100,50,0
Myanmar,E3,51.8,45.5,44.6,28.1,0.4,60,60.8,73.5,34.6,4.4,3.9,80.3,51.9,19,82.4,0.3,42,81.3,90.5,29.5,0,0,100,33.3,1.2,60.7,76,45.4,53.4,81.7,33.7,99,97.7,96.5,25.2,25.5,50,0,57.7,61.1,50,33.3,100,54.3,100,35.8,100,59.2,62.5,21.4,55.3,0,50.5,47.5,69.8,28.3,66.7,25,54.1,100,59.7,38,42.2,47.7,37.3,50,0,0,0,0,100,0,100,100,50,0
Myanmar,E4,58.5,52.8,50.3,28.1,0.5,83.9,63.2,75.6,40.2,6.8,6.7,88.9,64.4,22.1,92.2,0.3,68,90.5,94.2,75,50,100,100,33.3,1.2,52.8,80,25.5,53.8,83,38.6,99.1,97.7,96.5,24.6,23.9,50,0,61.8,77.8,100,33.3,100,45.8,100,18.9,66.7,6.7,100,25.5,48.9,0,65.5,62,69.8,28.3,100,50,65.4,100,77.1,56.3,59.3,100,0,69,0,0,0,0,100,100,100,100,50,33.3
Myanmar,E5,60.1,53.2,46.7,28.1,0.5,83.9,51.1,69.9,42.1,9,8.8,91.8,67.5,22.8,94.5,0.3,68,90.5,94.2,75,50,100,100,33.3,1.2,56.1,73.3,38.9,61.9,82.7,37.8,98.8,97.7,96.5,41.2,23.5,100,0,61.9,77.8,100,33.3,100,46,100,0,100,10,83.3,25.5,48.9,0,63.3,62,69.8,28.3,100,50,55.4,100,62.9,53.1,37,53.8,25.4,72.6,25,0,100,0,100,100,100,100,50,33.3
Namibia,E1,n/a,n/a,n/a,24.3,6.5,80.2,n/a,n/a,n/a,3.6,4.3,59.2,18.2,6.6,79,0.2,n/a,100,50,37,n/a,n/a,n/a,n/a,0,n/a,44.6,16.7,n/a,n/a,52.3,94.6,94,98.2,n/a,6.1,0,0,n/a,n/a,n/a,n/a,n/a,n/a,n/a,n/a,n/a,n/a,n/a,19.9,n/a,n/a,n/a,n/a,85.5,42.5,n/a,n/a,n/a,n/a,n/a,n/a,n/a,n/a,n/a,n/a,n/a,n/a,n/a,n/a,n/a,n/a,n/a,n/a,50,n/a
Namibia,E2,43,39.8,45.3,29.3,5.8,82.9,45.3,63.4,28.1,3.7,3.7,69,25.6,7.2,87,0.2,31.4,100,53,39,0,0,0,33.3,25.7,54.6,75.4,33.8,43.3,84.5,52.3,92.8,95.2,97.5,2,6.1,0,0,50.7,55.6,50,66.7,50,45.9,50,62.2,66.7,63.3,61.1,41.8,22.2,0,38,46.6,85.5,42.5,33.3,25,34.1,0,57.1,40.6,44.4,11.5,51.1,33.3,50,50,0,100,0,33.3,0,100,50,0
Namibia,E3,48.9,43.2,56.1,34.4,5.8,81.7,71.3,87.4,30.6,4.3,4,72.8,32.1,9,91.8,0.4,31.3,100,53,39,0,0,0,33.3,25.1,54.6,75.4,33.8,43.4,84.8,52.3,95.6,94.1,97.2,2.1,6.3,0,0,52.6,55.6,50,66.7,50,49.7,50,68,66.7,76,58.1,41.8,37.3,0,56.3,63.5,85.5,43.3,100,25,48.4,0,55.4,80.9,55,39.4,59.5,57.1,50,50,0,100,50,0,100,100,100,0
Namibia,E4,51.7,44.4,55.7,34.4,5.4,82.8,70.2,85.9,31.5,4.7,4.9,75,33,10.1,92.2,0.4,35.4,100,53,39,0,0,0,66.7,24.7,55,75.2,34.8,43.6,85.2,52.3,97,94.1,97.2,2,6.1,0,0,64.3,83.3,100,100,50,45.3,50,35.1,33.3,76.7,77.8,45.3,44.4,0,54.3,64.5,89.5,43.3,100,25,36.6,0,54.3,53.1,51.9,34.6,26,61.9,50,50,0,100,50,33.3,100,100,100,0
Namibia,E5,46,45.7,59.2,34.4,5.4,83.3,85.8,87.3,33.6,4.8,5.5,77,41.3,12.6,93.9,0.4,34.3,100,69,39,0,0,0,66.7,0,55.5,75.5,35.6,42.4,82.7,43.2,96.4,94.1,97.2,2,6.1,0,0,40.5,50,100,0,50,31,50,32.4,0,20,55.6,45.3,44.4,0,55.5,58.2,89.5,43.3,100,0,33.3,0,48.6,50,37,26.9,37.4,75,75,100,0,100,50,100,100,100,100,0
Nepal,E1,n/a,n/a,n/a,11.7,2.4,72,n/a,n/a,n/a,3.9,4,76.8,3.6,3.3,65.7,0.1,n/a,64.7,50,0,n/a,50,0,n/a,2.2,n/a,96.6,71.7,n/a,n/a,2.4,92.9,81.8,97.1,n/a,26.3,0,50,n/a,n/a,50,0,100,n/a,50,n/a,33.3,n/a,n/a,18.1,n/a,n/a,n/a,n/a,56.4,15,66.7,0,n/a,0,n/a,n/a,n/a,n/a,n/a,n/a,n/a,n/a,n/a,n/a,100,66.7,100,n/a,100,n/a
Nepal,E2,50.8,46,40.8,14.7,1.7,87.9,28.9,70.7,29,4.6,4.9,88.6,10.9,5.7,87.7,0.4,29.9,84.3,54.1,15.5,0,50,0,33.3,2.2,84.1,96.6,71.6,49.8,74.3,20.5,93.2,86.1,97.2,25.3,25.8,0,50,42.9,50,50,0,100,35.7,50,21.6,33.3,53.3,77.8,34.3,15.6,0,64.6,69.4,56.4,21.3,100,100,50.7,0,54.3,87.5,55.6,50,56.7,73.8,50,50,100,0,100,66.7,100,100,100,0
Nepal,E3,55.4,51.4,45.3,17.7,3.9,100,36.9,68.1,30.4,6.2,7.3,91.6,13.9,5.7,87.5,0.7,36.3,85.2,54.1,15.5,0,100,0,33.3,2.2,93.7,98.8,88.7,54.9,68,0.7,88.7,83.8,98.9,41.8,25.5,0,100,48.8,50,50,0,100,47.6,50,50.1,100,56.3,34.4,34.3,56,0,66.3,56.9,56.4,21.3,100,50,68.1,100,89.1,77,45.7,48.3,48.3,73.8,50,50,100,0,100,66.7,100,100,100,0
Nepal,E4,58.7,53,49.9,17.7,6,100,53.3,72.8,31.9,7.8,8.4,92.9,16.8,7.8,89.1,0.7,36.3,85.2,54.1,15.5,0,100,0,33.3,2.3,93.9,93.4,94.5,57.8,74.2,23.9,90.2,83.8,98.9,41.3,23.9,0,100,57.2,66.7,100,0,100,47.7,50,50.1,100,56.3,34.4,34.7,56,0,66.8,58.5,56.4,27.6,100,50,68.1,100,89.1,77,45.7,48.3,48.3,73.8,50,50,100,0,100,66.7,100,100,100,0
Nepal,E5,57.9,56.8,49.8,17.7,6,100,48,77.1,35.6,9,9.3,92.6,30.8,12.4,94.2,0.7,48.8,85.2,54.1,15.5,0,100,100,33.3,2.2,93.1,92.8,93.3,57.5,73.9,16.8,96.2,83.8,98.9,41.2,23.5,0,100,50.8,50,100,0,50,51.6,50,28.8,100,48.2,83.6,34.7,67.4,0,66.6,59.5,60.3,27.6,100,50,66.5,100,64,48.4,68.7,64,53.5,73.8,50,50,100,0,100,66.7,100,100,100,0
Netherlands,E1,n/a,n/a,n/a,90.9,88.5,92.9,n/a,n/a,n/a,13.5,26.2,86.4,46,29.3,59.4,3.6,n/a,100,99,99,n/a,100,100,n/a,26.4,n/a,100,100,n/a,n/a,64,99,99.5,99.8,n/a,60,50,50,n/a,n/a,50,66.7,100,n/a,100,n/a,66.7,n/a,n/a,81.9,n/a,n/a,n/a,n/a,100,84.3,100,75,n/a,100,n/a,n/a,n/a,n/a,n/a,n/a,n/a,n/a,n/a,n/a,50,66.7,0,n/a,100,n/a
Netherlands,E2,70.4,76.2,86.9,92.2,90.7,93,80.8,77.6,47.7,14.3,31.4,91.7,56.1,41.8,95,3.9,70.2,100,99,99,0,100,100,33.3,30,100,100,100,71.3,90.2,62.9,99,99.1,99.7,52.4,57.3,50,50,65,72.2,50,66.7,100,57.7,100,56.8,66.7,56.7,44.4,99.5,37.8,0,69.1,90,100,85,100,75,50.5,100,37.1,59.4,29.6,26.9,50.1,66.7,50,100,0,0,50,66.7,100,100,100,0
Netherlands,E3,70.1,77.1,86.3,96.2,91.3,90.6,76.9,76.4,51.1,18.2,39.5,92,57.8,49.9,96.4,4,71.1,100,99,99,0,100,100,33.3,37.2,100,100,100,70.3,90.2,63.1,99,98.9,99.7,50.4,51.1,50,50,61.8,61.1,50,33.3,100,62.5,100,48.6,100,50,33.3,99.5,68.9,0,71.1,96.3,100,85,100,100,46.9,100,31.4,46.9,37,34.6,31.4,70.2,75,100,100,0,50,66.7,100,100,100,0
Netherlands,E4,76,81.1,87.9,94.9,92.6,93.7,80.8,77.6,53.9,20.8,45.2,93.3,61.6,56.6,96,4,82.4,100,99,99,50,100,100,66.7,44.4,100,100,100,69.6,91.5,68.3,99,98.9,99.7,47.6,42.9,50,50,75.7,66.7,100,0,100,84.7,100,62.2,100,66.7,77.8,100,71.1,100,77.7,90,100,85,100,75,50.1,100,22.9,65.6,29.6,26.9,55.5,92.9,100,100,100,100,50,100,100,100,100,100
Netherlands,E5,78.4,83.8,89.1,96.2,93,97.3,79.8,79.2,58.6,28.8,53.8,93.3,64.6,68.5,97.1,4,87.7,100,99,99,100,100,100,66.7,36.9,100,100,100,70.5,93.7,76.4,99.6,98.9,99.7,47.3,42,50,50,78.4,88.9,100,66.7,100,67.9,100,35.1,100,23.3,22.2,100,62.2,100,80.9,90,100,85,100,75,52.6,100,40,59.4,37,38.5,40.5,100,100,100,100,100,100,100,100,100,100,100
New Zealand,E1,n/a,n/a,n/a,82.7,67,91.4,n/a,n/a,n/a,8.6,17.6,85.6,49.1,29.1,86,2.1,n/a,96.1,98,88,n/a,n/a,n/a,n/a,55.4,n/a,100,100,n/a,n/a,86,98.9,99,99.6,n/a,40.2,50,50,n/a,n/a,n/a,n/a,n/a,n/a,n/a,n/a,n/a,n/a,n/a,85.5,n/a,n/a,n/a,n/a,100,86.6,n/a,n/a,n/a,n/a,n/a,n/a,n/a,n/a,n/a,n/a,n/a,n/a,n/a,n/a,n/a,n/a,n/a,n/a,0,n/a
New Zealand,E2,n/a,n/a,n/a,85.7,70,100,86,91.1,n/a,12.8,27.5,88.4,47.7,30.4,89.7,3.2,n/a,96.1,98,90,n/a,n/a,n/a,n/a,54.3,n/a,100,100,n/a,n/a,87.9,98.9,99,99.5,n/a,40,50,100,n/a,n/a,n/a,n/a,n/a,n/a,n/a,n/a,n/a,n/a,n/a,96.4,n/a,n/a,n/a,n/a,100,88.2,n/a,n/a,n/a,n/a,n/a,n/a,n/a,n/a,n/a,n/a,n/a,n/a,n/a,n/a,n/a,n/a,n/a,n/a,0,n/a
New Zealand,E3,n/a,n/a,n/a,87.8,71.8,100,84.9,89.7,n/a,17.7,34.1,89.2,52,40,91.1,5.5,n/a,96.1,98,94,n/a,n/a,n/a,n/a,53.3,n/a,100,100,n/a,n/a,84,98.9,98.9,99.5,n/a,40,50,100,n/a,n/a,n/a,n/a,n/a,n/a,n/a,n/a,n/a,n/a,n/a,96.4,n/a,n/a,n/a,n/a,100,89,n/a,n/a,n/a,n/a,n/a,n/a,n/a,n/a,n/a,n/a,n/a,n/a,n/a,n/a,n/a,n/a,n/a,n/a,0,n/a
New Zealand,E4,81.8,81.4,85.8,87.8,74,100,82.8,84.3,51,24.4,43.5,91.2,56.5,44.2,91.4,5.5,88.8,96.1,98,97,100,100,100,66.7,52.4,100,100,100,78.8,94.5,80.8,98.9,98.9,99.5,63.1,39.2,50,100,93.8,100,100,100,100,87.5,100,86.5,100,53.3,94.4,95,71.1,100,73.4,91,100,89,100,75,60.1,100,80,56.3,40.7,19.2,64.5,69,50,100,0,0,100,100,100,100,0,33.3
New Zealand,E5,79.6,83.6,84.8,87.8,74,100,81.8,80.4,56,33.8,54.3,91.6,60.9,53,93.1,5.5,93.5,96.1,98,97,100,100,100,66.7,90.3,100,100,100,80.6,97.9,93.8,99.3,98.9,99.5,63.3,39.9,50,100,84.1,100,100,100,100,68.2,100,48.6,100,0,44.4,95,57.8,100,70.1,91,100,89,100,75,50.3,100,42.9,71.9,29.6,7.7,49.5,69,50,100,0,0,100,100,100,100,0,33.3
Nicaragua,E1,n/a,n/a,n/a,13.7,4,86.8,n/a,n/a,n/a,1.5,1.4,66.8,23.1,10.1,71.9,0.8,n/a,78.4,75,4,n/a,n/a,n/a,n/a,0,n/a,91.4,53.7,n/a,n/a,40.7,87.5,88.4,95,n/a,16.5,0,0,n/a,n/a,n/a,n/a,n/a,n/a,n/a,n/a,n/a,n/a,n/a,19,n/a,n/a,n/a,n/a,78.5,40.2,n/a,n/a,n/a,n/a,n/a,n/a,n/a,n/a,n/a,n/a,n/a,n/a,n/a,n/a,n/a,n/a,n/a,n/a,100,n/a
Nicaragua,E2,n/a,n/a,n/a,15.9,6,92.9,59.7,87.7,n/a,1.1,1.5,73.6,21.8,9.9,83.9,1,n/a,80.4,80,40,n/a,n/a,n/a,n/a,0,n/a,95.6,69.6,n/a,n/a,38.1,86,87.3,95.3,n/a,15.8,0,0,n/a,n/a,n/a,n/a,n/a,n/a,n/a,n/a,n/a,n/a,n/a,21.4,n/a,n/a,n/a,n/a,78.5,41.7,n/a,n/a,n/a,n/a,n/a,n/a,n/a,n/a,n/a,n/a,n/a,n/a,n/a,n/a,n/a,n/a,n/a,n/a,100,n/a
Nicaragua,E3,n/a,n/a,n/a,18.4,7,98.1,75.8,79.9,n/a,1.4,2,78.5,29.3,15.6,89.3,0.9,n/a,82.4,85,42,n/a,n/a,n/a,n/a,0,n/a,96.2,80.8,n/a,n/a,38.6,92,88.2,95.5,n/a,16.1,0,0,n/a,n/a,n/a,n/a,n/a,n/a,n/a,n/a,n/a,n/a,n/a,21.4,n/a,n/a,n/a,n/a,78.5,42.5,n/a,n/a,n/a,n/a,n/a,n/a,n/a,n/a,n/a,n/a,n/a,n/a,n/a,n/a,n/a,n/a,n/a,n/a,50,n/a
Nicaragua,E4,49.7,57.1,53.3,18.4,6.4,85.2,70.3,86.5,34.6,2,2.9,81.9,41.4,19.1,93.9,0.9,42.8,82.4,85,42,0,100,0,33.3,0,97.6,100,95.3,40.5,75.9,28.4,91.7,88.2,95.5,5.1,15.3,0,0,64.9,88.9,100,66.7,100,40.9,50,45.9,33.3,43.3,77.8,23.8,53.3,0,36.4,46.9,78.5,42.5,66.7,0,48.1,100,60,28.1,22.2,34.6,43.5,14.3,0,0,0,0,0,0,0,0,100,0
Nicaragua,E5,51.7,55.1,45,18.4,7.1,58.6,68,72.9,36.3,3,6,86.3,43.5,18.9,95.7,0.9,43.1,84.3,85,42,0,100,0,33.3,0,96.1,100,92.3,41.1,77.2,34,91.2,88.2,95.5,5,15,0,0,67.2,88.9,100,66.7,100,45.5,100,18.9,33.3,60,72.2,23.8,55.6,0,43.3,55.3,78.5,42.5,100,0,53.2,100,71.4,40.6,33.3,57.7,16.4,21.4,0,0,0,0,50,0,0,0,100,0
Niger,E1,n/a,n/a,n/a,2.3,0.3,15.2,n/a,n/a,n/a,0.9,0.2,0,9.9,5.9,50.5,0.2,n/a,60.8,10,0,n/a,0,0,n/a,0,n/a,57.3,3.6,n/a,n/a,0,3.7,94,66.8,n/a,6.1,50,0,n/a,n/a,50,0,0,n/a,50,n/a,33.3,n/a,n/a,3.7,n/a,n/a,n/a,n/a,0,0,0,50,n/a,50,n/a,n/a,n/a,n/a,n/a,n/a,n/a,n/a,n/a,n/a,0,0,100,n/a,100,n/a
Niger,E2,25.7,17,17.6,2.8,0.1,6.4,22.3,56.6,13.2,0.6,0,0,14.2,7.6,69.5,0.2,12.6,78.4,22,0,0,0,0,0,0,24.5,49,0,27.4,36.1,0,3.7,75.1,65.6,18.7,6.1,50,0,25.7,16.7,50,0,0,34.8,50,50.8,33.3,67.7,56.1,0,20.1,0,32.6,13.5,0,3.9,0,50,48.7,50,45.4,50.3,50.7,40.6,54.9,35.7,50,50,0,100,0,0,100,0,100,0
Niger,E3,33.5,17.4,18.4,15.3,0.1,11,19.3,45.9,0.8,1.4,0.6,2.5,0.9,0.1,0,0.1,17.7,84.3,24,0,0,0,0,33.3,0,32.7,64.4,0.9,39.3,59.8,0,82.2,87.1,69.9,18.8,6.3,50,0,34,33.3,50,0,50,34.7,50,48.6,33.3,66.7,38.9,0,40,0,43.3,38.1,0,2.4,100,50,47.6,50,34.3,50,48.1,65.4,37.9,44,25,50,0,0,0,33.3,100,100,50,0
Niger,E4,34.9,19.5,16.5,9.5,0.1,11,19.3,42.7,9.1,2.5,2.3,19.6,10.3,2.7,25.9,0.1,17.7,84.3,24,0,0,0,0,33.3,0,34.6,68.2,1,39.4,60.1,0,83.4,87.1,69.9,18.7,6.1,50,0,37.3,33.3,50,0,50,41.3,50,48.6,33.3,66.7,38.9,2.6,40,50,43.4,38.7,0,4.7,100,50,47.6,50,34.3,50,48.1,65.4,37.9,44,25,50,0,0,0,33.3,100,100,50,0
Niger,E5,34.7,21.2,21.7,9.5,0.1,11,45.2,42.7,10.3,4.3,2.7,24.4,18.7,4.4,17.5,0.1,17.7,84.3,24,0,0,0,0,33.3,0,34.9,68,1.8,40.1,61.4,0,88.7,87.1,69.9,18.7,6.1,50,0,32.5,16.7,50,0,0,48.4,50,32.4,66.7,70,66.7,2.6,48.9,50,45.1,31.1,19.7,4.7,100,0,52.9,100,34.3,59.4,33.3,50,40.5,51.2,25,50,0,0,50,33.3,100,100,50,0
Nigeria,E1,n/a,n/a,n/a,12.2,0,53.5,n/a,n/a,n/a,2.6,2.7,55.2,4.9,3.8,27.8,0,n/a,84.5,40,8.6,n/a,100,100,n/a,0.3,n/a,49.7,36.3,n/a,n/a,36.1,97.6,88.3,96.1,n/a,4.1,100,100,n/a,n/a,50,33.3,50,n/a,100,n/a,33.3,n/a,n/a,29.3,n/a,n/a,n/a,n/a,50.1,37.8,66.7,0,n/a,0,n/a,n/a,n/a,n/a,n/a,n/a,n/a,n/a,n/a,n/a,100,66.7,100,n/a,100,n/a
Nigeria,E2,55.6,41.1,36.5,14.9,0.1,53.2,47.3,67.1,21,2.9,3.2,62.7,11.2,6.9,59.7,0.1,47.7,85.7,54,8.6,0,100,100,33.3,0.3,59.1,84.4,33.9,75,82.1,38.2,97.6,97.1,95.7,68,3.9,100,100,47.7,44.4,50,33.3,50,51,100,61.8,33.3,84.7,67.8,46,14.7,0,58.6,51.3,50.1,38.6,66.7,50,50.6,0,56.9,50,70.6,55.2,71.3,73.8,50,0,100,100,100,66.7,100,100,100,0
Nigeria,E3,58.1,40.1,30,7.2,0.1,46.2,39.7,57,23.8,3.4,3.7,66.8,13.1,7.8,71.1,0.4,47.7,85.7,54,8.6,0,100,100,33.3,0.3,58.7,77.4,40,73.4,78.7,24.4,97.6,97.1,95.8,68.1,4.3,100,100,63.2,72.2,50,66.7,100,54.2,100,51.4,66.7,62.5,61.7,46,45.1,0,55.6,43.4,50.1,40.2,33.3,50,49.7,0,58.9,63.4,61.9,48.7,65.4,73.8,50,0,100,100,100,66.7,100,100,100,0
Nigeria,E4,62.9,47.2,38.7,7.2,0.1,58.4,62.6,65.4,28.3,4.2,4.3,74.2,22.8,11.5,81,0.4,63,88.9,75.5,22.3,50,100,100,66.7,0.6,58.9,84.1,33.7,73.1,77.9,21.5,97.4,97.1,95.8,68.3,4.8,100,100,70.2,88.9,100,66.7,100,51.5,50,35.1,33.3,40,83.3,53.7,66.7,50,60.9,48.3,53,40.2,100,0,65.4,100,62.9,65.6,51.9,53.8,58.5,69,50,0,100,100,100,33.3,100,100,100,0
Nigeria,E5,63.7,47.7,36.9,7.2,0.1,62.1,51.6,63.6,30,4.7,4.4,73.3,27.1,13.7,86.1,0.4,63.7,80,74.2,37.8,50,100,100,66.7,0.6,60.3,90.4,30.1,59.7,84.5,47.5,97.5,97.1,95.8,34.9,4.7,50,50,79.8,88.9,100,66.7,100,70.8,100,53.9,66.7,59.2,62.5,53.7,70.2,100,67.8,60.8,53,40.2,100,50,60.4,100,15.7,38,42.2,88.5,77.7,82.1,75,50,100,100,100,100,100,100,100,0
Oman,E1,n/a,n/a,n/a,84,11.7,100,n/a,n/a,n/a,2.1,6.6,75.2,41.6,17.2,81.5,2,n/a,98,95,86,n/a,100,100,n/a,0,n/a,99.9,92.9,n/a,n/a,52.1,98.7,98.7,99.6,n/a,40.7,0,0,n/a,n/a,50,33.3,100,n/a,100,n/a,100,n/a,n/a,49,n/a,n/a,n/a,n/a,91.3,63.8,100,25,n/a,100,n/a,n/a,n/a,n/a,n/a,n/a,n/a,n/a,n/a,n/a,100,66.7,100,n/a,100,n/a
Oman,E2,61.1,66.7,70.8,86.1,13.5,100,77.4,77,35,2.3,5.4,78,50.1,20.1,87.1,1.9,64.5,98.1,96,88.8,0,100,100,33.3,0,96.4,99.9,92.8,50.4,87.5,53.5,98.7,98.5,99.2,13.3,39.9,0,0,60.5,61.1,50,33.3,100,59.9,100,35.1,100,63.3,77.8,61,42.2,0,66.7,77.3,93.7,65.4,100,50,45.4,100,37.1,37.5,37,0,60.6,77.4,75,100,100,0,100,66.7,100,100,100,0
Oman,E3,62.3,68,71.5,88.6,15.9,100,77.4,75.7,38.7,3,7.7,81,60.4,25.5,90.8,2.5,65.3,98.2,99,92.1,0,100,100,33.3,0,96.4,99.9,92.8,49.1,85.5,45.9,98.7,98.3,99,12.6,37.9,0,0,62.8,72.2,50,66.7,100,53.4,100,21.6,100,66.7,33.3,61,44.4,0,69.2,77.5,94.6,65.4,100,50,52.8,100,28.6,37.5,44.4,61.5,44.7,77.4,75,100,100,0,100,66.7,100,100,100,0
Oman,E4,69.7,71.7,72.6,88.6,19.6,100,77.4,77.3,42.2,3.8,11.1,84.7,64.6,33.7,95,2.5,72.2,98.6,99.2,96.1,50,100,100,33.3,0,100,100,100,50.4,88,55.8,98.7,98.3,99,12.7,38.2,0,0,82.4,88.9,100,66.7,100,75.9,100,45.9,100,56.7,72.2,69.8,62.2,100,74.5,71.3,94.7,65.4,100,25,55.7,100,57.1,43.8,44.4,57.7,31.4,96.4,75,100,100,0,100,100,100,100,100,100
Oman,E5,69.8,74.3,79.3,94.5,21.8,100,90.4,89.6,43.7,5.2,16.6,86.1,61.8,35.6,96.1,4.3,78.4,98.6,99.3,96.3,100,100,100,33.3,0,95.8,99.9,91.8,51.9,90.8,67.9,98,98.3,99,13,39,0,0,74.4,88.9,100,66.7,100,59.9,100,8.1,100,30,22.2,69.8,48.9,100,78.5,77.5,94.7,65.4,100,50,61.4,100,45.7,50,55.6,76.9,40.5,96.4,75,100,100,0,100,100,100,100,100,100
Pakistan,E1,n/a,n/a,n/a,18.8,1.9,33.4,n/a,n/a,n/a,1.3,1.4,61.6,10.6,4.2,65.2,0.5,n/a,72.5,46,16,n/a,50,0,n/a,0,n/a,89.5,61.8,n/a,n/a,29.9,98.1,92.3,98.3,n/a,2.1,100,0,n/a,n/a,50,66.7,50,n/a,100,n/a,33.3,n/a,n/a,26.4,n/a,n/a,n/a,n/a,48.9,29.1,0,25,n/a,100,n/a,n/a,n/a,n/a,n/a,n/a,n/a,n/a,n/a,n/a,0,66.7,100,n/a,100,n/a
Pakistan,E2,47.6,36.8,12.2,21.9,1.7,37.3,0,0,25.3,1.4,1.6,68.8,16.9,7,81.1,0.7,34,74.5,87,27,0,50,0,33.3,0.3,75.8,88.4,63.1,57.4,80.6,35,98.3,90.7,98.6,34.1,2.3,100,0,48.5,55.6,50,66.7,50,41.5,100,29.7,33.3,60,77.8,22.5,8.9,0,47.6,19.5,48.9,29.1,0,0,63.8,100,45.7,50,51.9,76.9,58,59.5,0,0,0,0,50,66.7,100,100,100,0
Pakistan,E3,52.7,41.3,16.7,11.5,1.9,39.8,13.5,16.7,28.4,1.9,2.2,72.9,29.3,10.8,81.3,0.6,43.6,76.5,72,67,0,100,0,33.3,0.3,76.3,88.4,64.3,57.2,80.4,36.4,98.5,88.3,98.2,34.1,2.2,100,0,56.2,66.7,50,100,50,45.7,100,24.9,66.7,57.5,65.3,22.5,29,0,55.9,36.5,49.4,29.9,66.7,0,62.3,100,77,52.8,34.8,43.8,65.3,69,50,50,100,0,100,33.3,100,100,100,0
Pakistan,E4,56.6,44,14.5,11.5,1.8,42.9,15.6,0.5,31.7,2.6,3.1,79.4,36.7,10.8,88.5,0.6,50.4,77.8,73,68.6,50,100,0,33.3,0.3,79.3,89.8,68.8,56.8,79.5,33.3,98.3,88.3,98.2,34.1,2.3,100,0,68,83.3,100,100,50,52.7,100,35.1,66.7,43.3,94.4,32.9,48.9,0,57.5,28.2,49.4,29.9,33.3,0,65.8,100,57.1,53.1,55.6,88.5,40.8,78.6,50,50,100,0,100,66.7,100,100,100,33.3
Pakistan,E5,54.7,47.7,24.9,33.9,1.7,46.7,21.3,21,34,3.1,3.3,81.7,42.5,13,92.3,2.4,50.9,78,76.6,68.7,50,100,0,33.3,0.3,81.1,89.9,72.2,57.2,80.3,35.3,99.2,88.3,98.2,34.1,2.2,100,0,54.1,61.1,100,33.3,50,47.1,100,8.1,66.7,40,66.7,32.9,62.2,0,59.7,28.2,49.4,29.9,33.3,0,72.5,100,60,78.1,40.7,88.5,67.5,78.6,50,50,100,0,100,66.7,100,100,100,33.3
Panama,E1,n/a,n/a,n/a,52.6,17,100,n/a,n/a,n/a,1.1,4.1,77.2,20.8,8.7,65.2,2.1,n/a,92.2,79,10,n/a,n/a,n/a,n/a,0,n/a,97.7,77.9,n/a,n/a,78,96.7,97,99.5,n/a,16.5,100,0,n/a,n/a,n/a,n/a,n/a,n/a,n/a,n/a,n/a,n/a,n/a,47.3,n/a,n/a,n/a,n/a,93.8,66.9,n/a,n/a,n/a,n/a,n/a,n/a,n/a,n/a,n/a,n/a,n/a,n/a,n/a,n/a,n/a,n/a,n/a,n/a,100,n/a
Panama,E2,n/a,n/a,n/a,53.8,22.7,97.4,80.4,78.6,n/a,2,8.1,83,26.8,10.6,76.8,2.8,n/a,92.2,92.7,11,n/a,n/a,n/a,n/a,0,n/a,100,81.5,n/a,n/a,75.8,96.7,97.1,99.4,n/a,15.8,100,0,n/a,n/a,n/a,n/a,n/a,n/a,n/a,n/a,n/a,n/a,n/a,42.8,n/a,n/a,n/a,n/a,93.8,67.7,n/a,n/a,n/a,n/a,n/a,n/a,n/a,n/a,n/a,n/a,n/a,n/a,n/a,n/a,n/a,n/a,n/a,n/a,100,n/a
Panama,E3,61.4,60.6,69.2,64.2,22.9,98.6,70.7,89.4,32.4,2.9,13.7,84.8,32.3,10.7,79.6,2.7,52.4,92.2,95,33,0,100,50,33.3,15.5,88.4,99.8,77.1,66.1,93.4,80.2,96.7,97.3,99.5,38.7,16.1,100,0,51.3,44.4,50,33.3,50,58.2,50,80,100,88,62.5,42.8,42.4,0,67.5,54.8,93.8,66.9,33.3,25,73.8,100,78.9,68,81.3,58.8,56.1,73.8,100,100,100,100,50,66.7,100,100,100,0
Panama,E4,65.1,63.2,73.4,72.3,27.6,100,85.8,81.4,36.4,4.9,28.8,89.6,35.5,8.9,84.4,2.7,54.6,92.2,95,33,0,100,50,66.7,0,88.5,100,77,64.6,90.9,70,96.7,97.3,99.5,38.4,15.3,100,0,66.4,61.1,100,33.3,50,71.7,50,80,100,88,62.5,50.7,42.4,100,66.1,55.4,93.8,69.3,33.3,25,73.8,100,78.9,68,81.3,58.8,56.1,69,100,100,100,100,50,33.3,100,100,100,0
Panama,E5,62.4,66.4,73.7,70.6,26.3,100,88.9,83,40.9,6.7,39.7,90.3,41,12.9,92.9,2.7,62.9,92.2,95,49,0,100,100,66.7,0,88.2,99.8,76.6,64.7,91.1,70.7,96.9,97.3,99.5,38.3,15,100,0,61.2,61.1,100,33.3,50,61.4,100,27,66.7,46.7,66.7,50.7,33.3,100,57.2,55.5,94.3,69.3,33.3,25,47.1,100,54.3,34.4,40.7,30.8,22.4,69,50,100,0,0,100,33.3,100,100,100,0
Papua New Guinea,E1,n/a,n/a,n/a,6.4,0.4,14.3,n/a,n/a,n/a,1.2,1.3,27.6,8.1,4.2,17,0.4,n/a,78.4,60,35,n/a,n/a,n/a,n/a,0,n/a,71.3,27.2,n/a,n/a,31.2,84.7,75,97.4,n/a,6.1,0,0,n/a,n/a,n/a,n/a,n/a,n/a,n/a,n/a,n/a,n/a,n/a,45.1,n/a,n/a,n/a,n/a,54.8,22.8,n/a,n/a,n/a,n/a,n/a,n/a,n/a,n/a,n/a,n/a,n/a,n/a,n/a,n/a,n/a,n/a,n/a,n/a,100,n/a
Papua New Guinea,E2,n/a,n/a,n/a,8.5,0.4,16.1,67.1,72.1,n/a,1.7,1.5,49.4,13.7,4.4,52.5,1.6,n/a,78.4,60.9,35,n/a,n/a,n/a,n/a,0,n/a,74,33.7,n/a,n/a,30.8,84.7,78.4,98.8,n/a,6.1,0,0,n/a,n/a,n/a,n/a,n/a,n/a,n/a,n/a,n/a,n/a,n/a,59.3,n/a,n/a,n/a,n/a,54.8,25.2,n/a,n/a,n/a,n/a,n/a,n/a,n/a,n/a,n/a,n/a,n/a,n/a,n/a,n/a,n/a,n/a,n/a,n/a,100,n/a
Papua New Guinea,E3,n/a,n/a,n/a,10.7,0.4,18,65.4,71.7,n/a,1.9,2.1,48.6,34.1,13.6,62.9,1.4,n/a,78.4,64.4,50,n/a,n/a,n/a,n/a,0,n/a,76.9,44.7,n/a,n/a,32.3,82.7,77.7,98.8,n/a,6.3,0,0,n/a,n/a,n/a,n/a,n/a,n/a,n/a,n/a,n/a,n/a,n/a,59.3,n/a,n/a,n/a,n/a,54.8,25.2,n/a,n/a,n/a,n/a,n/a,n/a,n/a,n/a,n/a,n/a,n/a,n/a,n/a,n/a,n/a,n/a,n/a,n/a,50,n/a
Papua New Guinea,E4,48.1,42.2,34.1,10.7,0.4,18,69.3,72.1,28.4,2.8,3.5,55.7,50.3,19.3,65.9,1.4,41.7,78.4,64.4,50,0,0,100,33.3,7.4,64.5,78.8,50.2,39.5,77.1,46.2,85.5,77.7,98.8,2,6.1,0,0,55.2,58.3,75,0,100,52.1,50,63.2,33.3,56.2,84.2,60.7,69.6,0,55.6,49.2,54.8,25.2,66.7,50,59.2,100,62.1,51.4,50.2,49.4,42.3,58.3,25,0,0,100,50,33.3,100,100,100,0
Papua New Guinea,E5,44.9,41.8,34.4,10.7,0.4,18,69.5,73.5,30.4,2.4,2.8,47.8,57,25.5,76.1,1.4,34.5,78.4,64.4,50,0,0,50,33.3,0,67.6,80,55.3,40.5,79.1,46.3,93.5,77.7,98.8,2,6.1,0,0,42.2,41.7,75,0,50,42.8,50,33.6,33.3,32.7,60.8,60.7,71.1,0,55,53.3,54.8,25.2,33.3,100,57,100,54.9,49.2,43,53.3,41.5,54.8,0,0,0,0,50,33.3,100,100,100,0
Paraguay,E1,n/a,n/a,n/a,22.6,6.9,80.9,n/a,n/a,n/a,1.3,2.5,73.6,22.5,10.9,67.3,0.6,n/a,90.9,66,40,n/a,n/a,n/a,n/a,9.6,n/a,99.8,97.8,n/a,n/a,41.6,99.5,95.3,98.3,n/a,13.5,50,0,n/a,n/a,n/a,n/a,n/a,n/a,n/a,n/a,n/a,n/a,n/a,43.7,n/a,n/a,n/a,n/a,94.6,55.9,n/a,n/a,n/a,n/a,n/a,n/a,n/a,n/a,n/a,n/a,n/a,n/a,n/a,n/a,n/a,n/a,n/a,n/a,100,n/a
Paraguay,E2,n/a,n/a,n/a,22.3,7.8,80.6,85.7,78.5,n/a,2.3,2.9,80.3,21.2,8.7,77.8,0.7,n/a,93.7,95.4,40,n/a,n/a,n/a,n/a,9.5,n/a,99.8,98.6,n/a,n/a,38.6,99.5,96.4,98.5,n/a,12.7,50,0,n/a,n/a,n/a,n/a,n/a,n/a,n/a,n/a,n/a,n/a,n/a,40.7,n/a,n/a,n/a,n/a,93.4,55.1,n/a,n/a,n/a,n/a,n/a,n/a,n/a,n/a,n/a,n/a,n/a,n/a,n/a,n/a,n/a,n/a,n/a,n/a,100,n/a
Paraguay,E3,n/a,n/a,n/a,20.2,9,78.9,80.6,77.1,n/a,3.7,14.8,84.1,27.5,10.1,85.8,0.6,n/a,96.5,96,58.1,n/a,n/a,n/a,n/a,9.4,n/a,100,97.4,n/a,n/a,85.9,94,96.3,98.5,n/a,13.5,50,0,n/a,n/a,n/a,n/a,n/a,n/a,n/a,n/a,n/a,n/a,n/a,40.7,n/a,n/a,n/a,n/a,93.4,55.1,n/a,n/a,n/a,n/a,n/a,n/a,n/a,n/a,n/a,n/a,n/a,n/a,n/a,n/a,n/a,n/a,n/a,n/a,50,n/a
Paraguay,E4,65.8,60.9,55.9,24.2,9.8,77.1,85.4,83,36.4,3.9,25.9,88.6,34.4,12.3,89.2,0.6,52.3,97.6,97.7,80.8,0,100,0,33.3,9.2,99.1,100,98.2,53.4,85.3,48.5,97.7,96.3,98.5,21.5,14.5,50,0,88.2,100,100,100,100,76.3,100,62.2,100,66.7,77.8,50.9,53.3,100,60.5,68.2,92.6,55.1,100,25,46.7,100,48.6,25,29.6,30.8,46.5,66.7,50,100,0,0,50,66.7,100,100,100,0
Paraguay,E5,67,61.5,56,28.1,11.4,80.3,78.3,81.6,36.1,4.7,16.2,90.6,36.1,13.3,90.9,0.6,54.4,98,98.1,96.6,0,100,0,33.3,9,99.4,99.8,99.1,53.4,85.5,49.8,97.4,96.3,98.5,21.4,14.1,50,0,85.7,100,100,100,100,71.4,100,45.9,100,36.7,88.9,50.9,48.9,100,67.6,74.4,92.6,55.1,100,50,56.9,100,54.3,46.9,55.6,38.5,46.5,71.4,50,100,0,0,50,100,100,100,100,0
Peru,E1,n/a,n/a,n/a,23,14,82.5,n/a,n/a,n/a,0.4,4.3,74.8,34.7,11.4,66.5,1.1,n/a,50.7,70.8,44,n/a,100,100,n/a,2,n/a,95.5,70.1,n/a,n/a,75.2,94.5,95.9,99.4,n/a,14.7,50,0,n/a,n/a,50,66.7,50,n/a,100,n/a,100,n/a,n/a,42.9,n/a,n/a,n/a,n/a,92.8,60.6,100,25,n/a,100,n/a,n/a,n/a,n/a,n/a,n/a,n/a,n/a,n/a,n/a,100,33.3,100,n/a,100,n/a
Peru,E2,59.9,56.4,50.1,26.2,14.6,89.5,50.3,70,32.6,0.8,4.8,78.6,44.3,15.1,83.5,1.1,50.1,50.7,70.8,44,0,100,100,33.3,2,92.7,96.3,89.2,56.4,91.4,73.1,97.2,96,99.3,21.4,14.2,50,0,63.1,66.7,50,100,50,59.5,100,48.6,100,76.7,72.2,40.7,37.8,0,63.6,69.8,92.8,61.4,100,25,69.7,100,54.3,68.8,88.9,50,56.4,51.2,25,50,0,0,100,33.3,100,0,100,0
Peru,E3,61.2,58.9,53.4,28,15.7,93.8,59.7,69.9,36.1,1.6,8.7,82.4,49.8,18.3,90.5,1.1,53.5,66.5,73.9,52.2,0,100,100,33.3,2,92.7,96.3,89.2,62,86,52,97.2,95.8,99.1,37.9,13.7,100,0,55.5,55.6,50,66.7,50,55.4,100,68,66.7,66.5,47.5,40.7,54.1,0,68.4,69.8,92.7,61.4,100,25,65.1,100,87.9,39.7,51.5,43.1,68.3,70.2,25,50,0,0,100,66.7,100,100,100,0
Peru,E4,68.1,61.4,54.1,29.6,16.9,100,55.8,68.4,38.8,2.1,13.3,86.9,54.3,21.1,92.7,1.1,59.7,66.5,73.9,52.2,50,100,100,33.3,2,92.9,99.1,86.7,62.2,87.2,56.5,97.4,95.8,99.1,37.2,11.7,100,0,77.5,83.3,100,100,50,71.6,100,70.3,66.7,46.7,83.3,48,57.8,100,71.4,69.9,93.1,61.4,100,25,64.5,100,60,62.5,59.3,61.5,43.5,79.8,25,50,0,0,100,100,100,100,100,33.3
Peru,E5,68.9,61.9,56.2,35.7,16.9,100,61.5,67.1,38.3,3.1,15.6,85.5,49.3,19.4,94.4,1.1,60,66.5,73.9,52.2,50,100,100,33.3,3.9,93.1,100,86.3,62.5,88.1,59.9,97.4,95.8,99.1,36.9,10.8,100,0,80.6,100,100,100,100,61.1,100,30.5,66.7,39.8,57.2,48,46.8,100,70.8,82.4,93.1,61.4,100,75,51.3,100,56.9,53,31.5,29.2,37.3,78.6,50,50,100,0,100,66.7,100,100,100,33.3
Philippines,E1,n/a,n/a,n/a,35.9,6.1,85.5,n/a,n/a,n/a,2.4,3,68,8.7,4.4,41.5,0.8,n/a,98,78,39,n/a,100,100,n/a,1.9,n/a,92.8,67.3,n/a,n/a,35.6,96.9,89.3,97.8,n/a,4.8,0,0,n/a,n/a,50,33.3,50,n/a,100,n/a,66.7,n/a,n/a,35,n/a,n/a,n/a,n/a,97.8,62.2,66.7,50,n/a,100,n/a,n/a,n/a,n/a,n/a,n/a,n/a,n/a,n/a,n/a,100,66.7,0,n/a,0,n/a
Philippines,E2,54.1,61.2,65,38.9,6.1,86,100,93.8,26.1,4.7,5.1,76.8,14.8,6.9,74.1,0.6,63.2,98,93,80,0,100,100,33.3,1.2,90.4,98.2,82.6,42.2,83,40.4,97,96.6,97.9,1.4,4.3,0,0,51.9,44.4,50,33.3,50,59.3,100,83.8,66.7,90,83.3,39.6,11.1,0,61.3,71.2,97.8,62.2,100,25,63.8,100,48.6,68.8,66.7,57.7,41.2,48.8,75,100,100,0,100,66.7,0,100,0,0
Philippines,E3,54.2,60.9,62.1,42.5,6.9,84.2,85.7,91.1,29.7,8.3,8.5,79.9,20.4,10.3,79.9,0.6,63.2,98,93,80,0,100,100,33.3,1.2,88.7,97.4,80,42,82.6,38.4,97.2,96.9,98.1,1.4,4.3,0,0,53.3,44.4,50,33.3,50,62.1,100,51.4,66.7,86.7,94.4,39.6,57.8,0,60.8,54.8,97.8,63,33.3,25,60.8,100,51.4,56.3,63,69.2,25.1,66.7,100,100,100,100,100,66.7,100,100,0,0
Philippines,E4,64.6,68.2,65,42.5,7.6,96.2,97.4,81.5,32.6,10.6,10.5,84.8,24,12.5,84.9,0.6,79.9,98,93,80,100,100,100,66.7,1.8,95.1,95.2,95,50.5,83.1,39.4,97.9,96.9,98.1,18,4.1,0,50,75.2,72.2,100,66.7,50,78.2,100,75.7,66.7,80,94.4,48.8,60,100,64.3,63.1,97.8,63,66.7,25,58.3,100,57.1,40.6,70.4,38.5,43.5,71.4,100,100,100,100,100,100,0,100,0,100
Philippines,E5,61.5,68,61.7,17.5,11.7,100,86.8,92.4,33.7,11.9,11.6,86.7,21.1,13,91.1,0.6,79.9,98,93,80,100,100,100,66.7,1.1,96.6,99.8,93.4,51.3,84.7,46.1,97.6,96.9,98.1,17.9,3.7,0,50,67.9,66.7,100,0,100,69.1,100,40.5,100,26.7,61.1,48.8,75.6,100,58.9,71.4,97.8,63,100,25,52.8,100,51.4,37.5,37,65.4,25.4,52.4,100,100,100,100,100,66.7,0,100,0,0
Poland,E1,n/a,n/a,n/a,75.7,40.7,100,n/a,n/a,n/a,5,14.1,85.6,30.4,15.7,88.1,0.8,n/a,100,100,100,n/a,100,100,n/a,14.9,n/a,100,100,n/a,n/a,50.7,99.6,98.9,99.7,n/a,15.8,100,100,n/a,n/a,50,100,100,n/a,100,n/a,66.7,n/a,n/a,66.6,n/a,n/a,n/a,n/a,99.8,85,33.3,75,n/a,100,n/a,n/a,n/a,n/a,n/a,n/a,n/a,n/a,n/a,n/a,100,66.7,0,n/a,100,n/a
Poland,E2,74.8,69.7,74.9,80.3,41.1,100,76.4,76.4,35.8,5.5,17.5,87,30.9,17.2,91.4,0.8,68.3,100,100,100,0,100,100,33.3,13.3,100,100,100,79.8,87.1,50.3,99.6,98.9,99.7,72.5,17.5,100,100,75.4,83.3,50,100,100,67.6,100,75.7,100,80,66.7,80.3,37.8,0,74.2,90.1,99.8,85.8,100,75,55,100,14.3,46.9,51.9,46.2,71.1,77.4,75,100,0,100,100,66.7,100,100,100,0
Poland,E3,74.8,70.7,76.4,81.8,42.9,100,76.8,80.3,38,7,23.9,87.8,32.5,21.1,93.1,0.8,68.5,100,100,100,0,100,100,33.3,15,100,100,100,80.3,87.7,52.3,99.6,99.6,99.5,72.9,18.7,100,100,76.5,83.3,50,100,100,69.7,100,83.8,100,46.7,77.8,80.3,68.9,0,71.7,90.1,99.8,85.8,100,75,47.6,100,22.9,34.4,22.2,42.3,63.6,77.4,75,100,0,100,100,66.7,100,100,100,0
Poland,E4,81,74.8,78.2,84.2,44.1,97.3,81.3,84.3,42,10.9,33.7,89.9,37.6,27.9,93.3,0.8,79,100,100,100,50,100,100,66.7,15,100,100,100,81.4,90.2,62,99.6,99.6,99.5,72.7,18,100,100,90.7,100,100,100,100,81.4,100,81.1,100,63.3,61.1,85.4,60,100,76.9,90.1,99.8,85.8,100,75,48.9,100,2.9,25,59.3,53.8,52.5,91.7,75,100,0,100,100,66.7,100,100,100,100
Poland,E5,82.1,77,77.5,86.7,43.8,97.7,76.2,83,45.4,15.8,46.1,90.6,37.4,31.9,95.3,0.8,85,100,100,100,100,100,100,66.7,13.4,100,100,100,82.3,91.9,68.6,100,99.6,99.5,72.6,17.8,100,100,92,100,100,100,100,84,100,75.7,100,53.3,77.8,85.4,80,100,77.1,90.1,99.8,85.8,100,75,44.8,100,11.4,0,40.7,30.8,85.6,96.4,75,100,0,100,100,100,100,100,100,100
Portugal,E1,n/a,n/a,n/a,70.1,64.6,83.1,n/a,n/a,n/a,7,19.1,87.2,34.9,19.9,86,1.6,n/a,99.6,99.1,94.3,n/a,n/a,n/a,n/a,6.1,n/a,100,100,n/a,n/a,71.6,98.2,98.7,99.6,n/a,23,50,50,n/a,n/a,n/a,n/a,n/a,n/a,n/a,n/a,n/a,n/a,n/a,61.5,n/a,n/a,n/a,n/a,94.7,60.6,n/a,n/a,n/a,n/a,n/a,n/a,n/a,n/a,n/a,n/a,n/a,n/a,n/a,n/a,n/a,n/a,n/a,n/a,100,n/a
Portugal,E2,69.9,69.9,73.9,74,69.7,82.2,69.5,74.2,38.6,10.1,22.8,89.9,34.2,19.5,91.8,1.8,67.2,99.6,99.3,98.8,0,100,100,33.3,6.2,100,100,100,66.5,91.8,70.4,98.2,99,99.6,41.2,23.7,50,50,71.5,83.3,50,100,100,59.7,100,51.4,66.7,86.7,83.3,69.6,20,0,71.6,82.8,94.7,61.4,100,75,61.9,100,42.9,93.8,59.3,19.2,56.2,70.2,25,0,100,0,100,66.7,100,100,100,0
Portugal,E3,69.6,71.6,76.5,76.8,74.1,84.4,75.3,71.7,42.6,15.7,31.1,90.9,38.7,25,95.3,1.8,67.2,99.8,99.5,98.9,0,100,100,33.3,6.2,100,100,100,66.9,92.8,75,98.2,98.4,99.6,41.1,23.3,50,50,71.4,72.2,50,66.7,100,70.5,100,65.9,100,67.7,100,69.6,60.9,0,68.5,64,94.7,61.4,100,0,64,100,30.4,63.8,61.5,48.8,79.5,77.4,75,100,100,0,100,66.7,100,100,100,0
Portugal,E4,76,73.2,77.8,79.3,78.7,85.7,69.9,75.5,47.2,20.3,41,93.2,46.4,31,96,2.3,68,99.8,99.2,99.2,50,50,100,33.3,12.3,100,100,100,66.6,92.4,73.3,98.2,98.4,99.6,40.9,22.6,50,50,92,100,100,100,100,83.9,100,51.4,100,86.7,94.4,79,60,100,72,76.6,95.2,61.4,100,50,62.1,100,45.7,59.4,63,34.6,69.8,77.4,75,100,100,0,100,66.7,100,100,100,0
Portugal,E5,75,76.6,80.8,80.8,82.7,86.6,78.5,75.5,50.3,23.6,52.8,93.4,47,36.2,96.6,2.5,75.2,99.8,99.8,99.8,50,100,100,33.3,18.6,100,100,100,66.6,92.5,73.3,98.8,98.4,99.6,40.7,22.2,50,50,86.1,100,100,100,100,72.2,100,47.4,100,35,51.1,79,65.2,100,70.9,76.6,95.2,61.4,100,50,53.8,100,47.3,39.2,54.3,22.5,59.5,82.1,75,100,100,0,100,66.7,100,100,100,33.3
Qatar,E1,n/a,n/a,n/a,95.8,19.8,100,n/a,n/a,n/a,6.5,10.6,84.4,44.8,21.3,86.5,2.2,n/a,100,98,95,n/a,n/a,n/a,n/a,0,n/a,99.9,99.9,n/a,n/a,100,99.8,99.6,99.7,n/a,66.3,0,0,n/a,n/a,n/a,n/a,n/a,n/a,n/a,n/a,n/a,n/a,n/a,74.3,n/a,n/a,n/a,n/a,89.2,65.4,n/a,n/a,n/a,n/a,n/a,n/a,n/a,n/a,n/a,n/a,n/a,n/a,n/a,n/a,n/a,n/a,n/a,n/a,100,n/a
Qatar,E2,64.5,70.4,74.8,95.2,20.4,100,81.3,77,41.1,7.9,12.4,89.1,52.6,30,92.9,2.6,66.5,100,99.6,99,0,100,100,33.3,0,99.2,100,98.5,60.6,99.7,100,99.8,99.5,99.6,21.4,64.1,0,0,54.1,55.6,50,66.7,50,52.6,100,29.7,66.7,46.7,83.3,63.2,31.1,0,72.8,76.7,91.5,65.4,100,50,67.9,100,68.6,78.1,48.1,61.5,51,73.8,50,50,100,0,100,66.7,100,100,100,0
Qatar,E3,66.3,71.6,74.3,94.6,20.1,100,81.3,75.7,46.4,8,14.2,91.9,63.2,49.2,95.1,2.9,66.6,100,99.7,99.5,0,100,100,33.3,0,99.2,100,98.5,60.3,99,97.4,99.8,99.2,99.6,21.5,64.5,0,0,56,61.1,50,33.3,100,51,100,24.6,100,54,26.7,63.2,39.4,0,77.2,89.3,92,65.4,100,100,61.2,100,25.9,92.8,55,46.7,46.9,81,100,100,100,100,100,66.7,100,100,100,0
Qatar,E4,75.5,76.3,74.6,94,20.5,100,81.3,77.3,51.3,12.9,24.8,93.6,67.5,59.3,97.6,3.5,79.1,100,100,99.5,100,100,100,33.3,0,100,100,100,60.5,99.7,100,99.8,99.2,99.6,21.3,63.9,0,0,80.8,88.9,100,66.7,100,72.7,100,29.7,100,43.3,83.3,76.2,48.9,100,84.6,89.3,92,65.4,100,100,64.4,100,31.4,65.6,70.4,69.2,49.5,100,100,100,100,100,100,100,100,100,100,100
Qatar,E5,74.9,79.8,76.2,93.6,21.4,100,83.2,82.7,61.8,22.7,41.4,96.2,85,83.2,99.4,4.6,81.9,100,100,99.5,100,100,100,33.3,22.5,99.1,100,98.3,59.5,99.5,100,99.4,99.2,99.6,19.4,58.2,0,0,74.8,77.8,100,33.3,100,71.9,100,28,100,29.2,79.7,76.2,62,100,85.4,83.1,92,65.4,100,75,73.1,100,57.9,77,72.8,62.3,68.6,100,100,100,100,100,100,100,100,100,100,100
Romania,E1,n/a,n/a,n/a,67.6,45.6,86.1,n/a,n/a,n/a,22.2,35.2,88,34.6,21.4,80.6,1.5,n/a,99.8,99.9,66.1,n/a,100,100,n/a,9.8,n/a,100,100,n/a,n/a,58.4,98.7,99.3,99.7,n/a,12.4,100,50,n/a,n/a,50,100,50,n/a,50,n/a,66.7,n/a,n/a,55.7,n/a,n/a,n/a,n/a,98.5,74.8,66.7,25,n/a,100,n/a,n/a,n/a,n/a,n/a,n/a,n/a,n/a,n/a,n/a,100,66.7,100,n/a,100,n/a
Romania,E2,66.3,71,72.6,72.3,47.9,85.8,79.4,77.5,46.7,31.4,45.6,91,40.5,23.6,92.9,1.6,64.8,100,100,75.2,0,100,100,33.3,9.7,100,100,100,71.8,89.2,59.2,98.7,99.3,99.8,54.3,12.8,100,50,59.2,55.6,50,66.7,50,62.8,100,64.9,66.7,90,94.4,70.7,15.6,0,63.1,72.7,98.5,75.6,66.7,50,42.8,100,17.1,43.8,25.9,23.1,46.9,73.8,50,100,0,0,100,66.7,100,100,100,0
Romania,E3,69.8,72.8,74.1,76.4,51.6,84.1,79.5,78.8,50.8,36.6,53,91.1,49.6,28.6,94.9,1.7,66.4,99.9,100,88.5,0,100,100,33.3,9.7,100,100,100,72.3,90.2,62.8,98.7,99.3,99.8,54.4,13.2,100,50,60.4,55.6,50,66.7,50,65.2,100,73.9,66.7,61.2,83.6,70.7,65.2,0,73.7,81,98.5,75.6,100,50,66.4,100,75.3,45.5,46.9,45.2,85.6,73.8,50,100,0,0,100,66.7,100,100,100,0
Romania,E4,75.9,77.9,75.6,80.8,55.6,86.1,72.7,83,56,45.7,65.8,93.6,55.8,33.5,95.8,1.7,79.9,99.9,100,92.6,100,100,100,33.3,13,100,100,100,71.5,88.7,57.1,98.7,99.3,99.8,54.3,13,100,50,82.4,83.3,100,100,50,81.5,100,70.3,66.7,73.3,94.4,76.6,71.1,100,71.8,81,98.5,75.6,100,50,63,100,57.1,71.9,48.1,42.3,58.5,71.4,0,0,0,0,100,66.7,100,100,100,33.3
Romania,E5,75.4,78.9,76.2,83.6,58.1,87.2,74.7,77.8,59.1,54.4,78.1,94.3,53.6,36,95.6,1.7,80.2,99.9,100,98.1,100,100,100,33.3,9.9,100,100,100,72.9,91.3,66.2,99.8,99.3,99.8,54.5,13.4,100,50,85.2,100,100,100,100,70.5,100,35.1,66.7,46.7,72.2,76.6,66.7,100,64.7,72.7,98.5,75.6,66.7,50,45.3,100,42.9,21.9,22.2,23.1,61.5,76.2,0,0,0,0,100,33.3,100,100,100,100
Russia,E1,n/a,n/a,n/a,72,39.5,100,n/a,n/a,n/a,14.8,14.9,87.6,16.5,10.1,74.4,0.9,n/a,78.4,73,50,n/a,100,100,n/a,6.5,n/a,100,100,n/a,n/a,63.6,98.8,99.1,99.8,n/a,9.1,100,100,n/a,n/a,50,100,100,n/a,100,n/a,100,n/a,n/a,58.5,n/a,n/a,n/a,n/a,99.6,81.9,0,25,n/a,100,n/a,n/a,n/a,n/a,n/a,n/a,n/a,n/a,n/a,n/a,0,66.7,100,n/a,100,n/a
Russia,E2,69.2,67,76.1,74.7,40.4,100,82.6,83,34.7,16.9,17.2,89.7,21.7,12,83.8,1.8,57,80.4,75,59,0,100,100,33.3,8.7,100,100,100,80,90.3,63.6,98.8,99,99.8,69.6,8.9,100,100,74.6,83.3,50,100,100,65.9,100,81.1,100,83.3,72.2,72.8,17.8,0,55.1,51.6,99.6,81.9,0,25,54.2,100,11.4,75,59.3,50,29.8,59.5,50,100,0,0,0,66.7,100,100,100,0
Russia,E3,71.9,68.1,77,76.2,45.6,100,78.9,84.2,37.4,19.4,19.5,90.8,28.1,14.6,87.4,2.3,58.1,82.4,77,62,0,100,100,33.3,10.4,100,100,100,80,90.3,63.6,98.8,98.8,99.9,69.8,9.3,100,100,76.8,83.3,50,100,100,70.2,100,67.6,100,76.7,77.8,72.8,66.7,0,62.5,77,99.6,83.5,100,25,51,100,37.1,34.4,40.7,50,43.5,59.5,50,100,0,0,0,66.7,100,100,100,0
Russia,E4,74.9,70.8,76.8,76.5,46.9,100,78.8,81.7,40.9,25.2,24.8,92.8,35.3,17.3,88.7,2.1,65.6,82.4,78,70,50,100,100,33.3,11.1,100,100,100,80.1,90.3,63.6,98.8,98.8,99.9,69.9,9.8,100,100,89.3,100,100,100,100,78.6,100,67.6,100,66.7,61.1,80.2,53.3,100,59.5,77,99.6,83.5,100,25,37.3,100,31.4,28.1,33.3,11.5,19.4,64.3,50,100,0,0,0,100,100,100,100,0
Russia,E5,76.2,73.1,77.9,76.8,48,100,80.2,84.3,43.9,33.9,31.6,93.8,37.1,18.5,90,2.1,70.7,97.8,87.7,87.7,50,100,100,33.3,9,99.8,99.7,100,81.5,92.9,73.5,99.5,98.8,99.9,70,10.1,100,100,89.7,100,100,100,100,79.5,100,62.2,100,36.7,94.4,80.2,62.2,100,60.6,77,99.6,83.5,100,25,33.3,100,22.9,18.8,29.6,26.9,1.4,71.4,100,100,100,100,0,100,100,100,100,0
Rwanda,E1,n/a,n/a,n/a,6.4,0.4,47.3,n/a,n/a,n/a,4.6,5,72,9.1,8.4,40.3,0.2,n/a,100,88,20,n/a,100,50,n/a,5.5,n/a,63.1,4.4,n/a,n/a,18,87,96,55.6,n/a,2.3,50,0,n/a,n/a,50,66.7,50,n/a,50,n/a,33.3,n/a,n/a,18.1,n/a,n/a,n/a,n/a,63.9,20.5,100,25,n/a,50,n/a,n/a,n/a,n/a,n/a,n/a,n/a,n/a,n/a,n/a,50,66.7,100,n/a,100,n/a
Rwanda,E2,47.7,37.5,28.1,9,0.4,46.8,33,51.3,26.5,4.3,4.5,79.6,9.9,8.3,78.8,0.3,55.3,99.8,92.1,62,0,100,50,33.3,5.3,40.2,68.5,12,44.4,54.7,21.9,94,43.7,59.3,34.1,2.2,50,50,52.9,66.7,50,100,50,39.1,50,40.5,33.3,56.7,66.7,36.4,28.9,0,56,52.5,63.9,21.3,100,25,55.8,100,65.7,53.1,25.9,26.9,63.2,59.5,0,0,0,0,50,66.7,100,100,100,0
Rwanda,E3,51.8,42.2,30.1,9,0.4,43.9,38.7,58.3,28.5,4.4,4.4,82,12.3,9,86.8,0.3,58.8,99.8,93.4,89,0,100,50,33.3,5.2,51.4,65.8,37,53.2,55.7,23,92.8,46,61,50.8,2.3,50,100,51.2,58.3,25,100,50,44,50,45.9,66.7,56.7,61.1,36.4,35.6,0,60.5,52.9,63.9,22.8,100,25,56,100,34.3,50,59.3,53.8,38.3,72.6,75,50,100,100,100,33.3,100,100,100,0
Rwanda,E4,54.3,45.6,33.7,9,0.1,49.2,51.6,58.8,30.2,5.2,5.1,85.3,15.1,7.9,92.5,0.3,60.2,99.8,96.6,96.6,0,100,50,33.3,5.2,58.2,73.2,43.3,34.3,51.3,3.3,94.8,46,61,17.4,2.2,0,50,70.3,83.3,100,100,50,57.2,50,43.2,100,53.3,77.8,29.9,53.3,50,66.9,53.9,66.9,23.6,100,25,64.6,100,62.9,56.3,55.6,69.2,43.5,82.1,75,50,100,100,100,100,100,100,100,0
Rwanda,E5,56.3,45.1,28.8,9,0.1,46.8,38.7,49.2,30.7,7.9,7.2,85.6,14.4,7.9,91.6,0.3,60.8,99.9,98.9,98.9,0,100,50,33.3,5,60.3,73.2,47.5,44.7,55.3,18.3,95.8,46,61,34.2,2.5,0,100,63.8,83.3,100,100,50,44.3,50,8.1,100,36.7,22.2,29.9,57.8,50,71.6,60.1,66.9,23.6,100,50,72.4,100,74.3,56.3,74.1,65.4,64.5,82.1,75,50,100,100,100,100,100,100,100,0
Saudi Arabia,E1,n/a,n/a,n/a,94,42.6,100,n/a,n/a,n/a,1.9,4.7,69.6,19.4,4.8,77.7,2.8,n/a,98.9,97,85,n/a,50,50,n/a,0,n/a,99.8,97.6,n/a,n/a,36.5,99.1,99.1,99.4,n/a,40.3,50,0,n/a,n/a,50,33.3,50,n/a,100,n/a,100,n/a,n/a,52.7,n/a,n/a,n/a,n/a,93.4,64.6,66.7,50,n/a,50,n/a,n/a,n/a,n/a,n/a,n/a,n/a,n/a,n/a,n/a,50,66.7,100,n/a,100,n/a
Saudi Arabia,E2,61.1,66.7,80.1,92.3,42,100,88.4,77.9,29.4,3.1,7.2,76.8,24.7,7.2,82.9,3.9,58.4,98.9,97.2,88,0,50,100,33.3,0,98.7,99.8,97.6,57.5,83.8,37.6,99.1,99,99.7,31.1,43.4,50,0,54.9,44.4,50,33.3,50,65.3,100,45.9,100,83.3,88.9,70.7,33.3,0,65.4,62.6,93.4,65.4,66.7,25,66.8,50,42.9,93.8,74.1,80.8,59.5,66.7,50,100,0,0,50,66.7,100,100,100,0
Saudi Arabia,E3,65.4,69.5,78.6,93,42.9,91.5,83.8,81.7,35.5,4.2,10.4,80.3,43.5,17.5,87.2,5.4,65.3,98.9,98,90,0,100,100,33.3,2,98.7,99.8,97.6,61.2,90.5,65.1,99.1,98.1,99.6,31.9,45.7,50,0,64.7,72.2,50,66.7,100,57.2,100,43.5,100,65.5,35.8,70.7,42.4,0,66,62.8,94.2,65.4,66.7,25,57.8,100,62.4,40.9,38.5,73.7,31,77.4,75,100,100,0,100,66.7,100,100,100,0
Saudi Arabia,E4,72.1,71.9,78.7,94.5,43.2,92.6,83.8,79.3,43.5,6.5,16.6,85.7,61.3,33.9,91.9,8.3,65.9,98.9,98.1,93.1,100,100,0,33.3,3.8,99.6,100,99.2,61.5,89.7,61.8,99.1,98.1,99.6,33.4,50.2,50,0,82.5,88.9,100,66.7,100,76,100,35.1,100,60,88.9,75.3,48.9,100,72.4,62.8,94.2,65.4,66.7,25,58,100,65.7,43.8,51.9,53.8,32.9,96.4,75,100,100,0,100,100,100,100,100,100
Saudi Arabia,E5,69.7,74,79.3,99.2,42.3,90.5,83.8,80.5,51.6,9.7,28.1,90.1,71.2,59.7,92.6,10,66.3,100,98.9,94.2,100,100,0,33.3,3.7,98.6,99.8,97.5,52,85.3,44.6,99.1,98.1,99.6,18.7,56.1,0,0,81.6,88.9,100,66.7,100,74.3,100,51.4,100,20,83.3,75.3,64.4,100,71.2,77.4,94.2,65.4,100,50,54.1,100,57.1,46.9,51.9,19.2,49.5,82.1,75,100,100,0,0,100,100,100,100,100
Senegal,E1,n/a,n/a,n/a,15.4,1.5,72.7,n/a,n/a,n/a,0.5,0.9,37.6,5.6,6.2,32.8,0.2,n/a,84.3,40,0,n/a,100,50,n/a,0,n/a,88.6,27.7,n/a,n/a,30.6,94,88.2,92.1,n/a,8,0,0,n/a,n/a,25,66.7,50,n/a,50,n/a,66.7,n/a,n/a,32.5,n/a,n/a,n/a,n/a,29.3,11.8,0,50,n/a,100,n/a,n/a,n/a,n/a,n/a,n/a,n/a,n/a,n/a,n/a,0,0,100,n/a,100,n/a
Senegal,E2,47.6,43.8,44.8,19.7,1.4,71.4,63.3,68.1,20.3,1.1,1.8,53.7,10.3,6.8,67.8,0.2,44.2,94.9,50,8.6,0,100,100,0,0,66.1,88.8,43.3,48.9,78.5,35.2,92,91.4,95.6,19.3,8,50,0,40.3,36.1,25,33.3,50,44.4,50,62.2,66.7,50,66.7,28.9,31.1,0,57.3,47.8,29.3,11.8,100,50,67,100,51.4,62.5,66.7,42.3,78.9,57.1,50,50,100,0,50,0,100,100,100,0
Senegal,E3,46.9,45.8,48.1,24,1.6,72.3,63.2,79.6,24.9,1.6,3.4,67.1,13.1,6.4,82.2,0.2,44,95.5,66.3,36.5,0,100,50,0,4,66.1,88.8,43.3,48.5,77.8,31.1,93.2,93.8,93.1,19.3,7.8,50,0,37.7,38.9,50,66.7,0,36.5,50,18.9,66.7,70,22.2,28.9,35.6,0,55.5,57,40.5,12.6,100,75,52.4,100,20,50,55.6,46.2,42.4,57.1,50,50,100,0,50,0,100,100,100,0
Senegal,E4,55.1,48.8,46.5,6.3,1.7,74.6,79,70.7,31,2.1,7.1,77.7,25.8,14.1,89.7,0.2,48.4,95.9,92.2,62,0,50,50,33.3,3.9,69.5,92,47,48.7,78.1,29.9,95.5,93.8,93.1,19.2,7.7,50,0,54,55.6,100,66.7,0,52.4,50,56.8,66.7,56.7,88.9,42.5,57.8,0,68.9,57.2,40.5,13.4,100,75,63.7,100,54.3,34.4,74.1,73.1,46.5,85.7,100,100,100,100,100,100,100,100,100,0
Senegal,E5,48.5,49.7,44.7,6.3,2,79.8,62.9,72.6,34.5,2.9,9.3,79.8,36.3,20.4,92.7,0.2,48.5,96.1,92.1,66.8,0,50,50,33.3,0,71.2,92.8,49.6,41.1,79.8,37.1,95.2,93.8,93.1,2.4,7.2,0,0,42.4,44.4,100,33.3,0,40.4,50,21.6,66.7,43.3,50,42.5,48.9,0,60.5,57.2,40.5,13.4,100,75,56.5,100,42.9,34.4,77.8,61.5,22.4,67.9,75,50,100,100,100,100,100,0,100,0
Sierra Leone,E1,n/a,n/a,n/a,3.7,1,49.2,n/a,n/a,n/a,1.6,1.4,23.6,9.9,5.9,50.5,n/a,n/a,80.4,20,0,n/a,n/a,n/a,n/a,0,n/a,0,1,n/a,n/a,12.6,20.2,23.6,84.8,n/a,6.1,0,0,n/a,n/a,n/a,n/a,n/a,n/a,n/a,n/a,n/a,n/a,n/a,12.1,n/a,n/a,n/a,n/a,36.2,15.7,n/a,n/a,n/a,n/a,n/a,n/a,n/a,n/a,n/a,n/a,n/a,n/a,n/a,n/a,n/a,n/a,n/a,n/a,100,n/a
Sierra Leone,E2,n/a,n/a,n/a,10.4,1.2,55.9,32.7,52.7,n/a,2.2,2,47.4,14.2,7.6,69.5,n/a,n/a,80.4,40,0,n/a,n/a,n/a,n/a,0,n/a,1.7,5.3,n/a,n/a,9.8,68,35.4,86,n/a,6.1,0,0,n/a,n/a,n/a,n/a,n/a,n/a,n/a,n/a,n/a,n/a,n/a,13.9,n/a,n/a,n/a,n/a,36.2,15.7,n/a,n/a,n/a,n/a,n/a,n/a,n/a,n/a,n/a,n/a,n/a,n/a,n/a,n/a,n/a,n/a,n/a,n/a,100,n/a
Sierra Leone,E3,29.5,25.7,32.8,13.5,1.2,58.7,29.5,61.2,23.7,2.2,1.9,55,22.8,11.8,72.1,0.4,31.7,80.4,40,0,0,0,100,33.3,0,14.5,9,19.9,26.4,50.8,11.4,60.2,42.3,89.3,2.1,6.3,0,0,40.3,44.4,50,33.3,50,36.2,50,43.2,33.3,56.7,61.1,13.9,31.1,0,25.6,19,36.2,15,0,25,39.8,0,42.9,37.5,55.6,46.2,57,17.9,25,0,0,100,0,0,0,0,100,0
Sierra Leone,E4,33.7,31.1,37.8,13.5,1.4,53.3,58.4,62,31,3,3.2,73.2,32.2,15,90.1,0.4,29,49,50,0,0,0,100,33.3,0,26.4,49.7,3.1,30,57.9,15.2,84.8,42.3,89.3,2,6.1,0,0,47.9,52.8,75,33.3,50,43,50,43.2,33.3,56.7,61.1,18.3,31.1,50,25.8,19.6,36.2,17.3,0,25,39.8,0,42.9,37.5,55.6,46.2,57,17.9,25,0,0,100,0,0,0,0,100,0
Sierra Leone,E5,29.6,29.7,36.3,13.5,1.4,56.3,58.4,51.6,32.8,2.6,3.8,82.6,31.8,12.9,95.7,0.4,23.6,60.8,60,35,0,0,0,33.3,0,26,46.6,5.5,30.5,59,17,87.3,42.3,89.3,2,6.1,0,0,36.2,41.7,75,0,50,30.8,50,21.6,33.3,0,44.4,18.3,28.9,50,21.9,11.8,29.8,17.3,0,0,35.9,0,51.4,34.4,55.6,30.8,43.5,17.9,25,0,0,100,0,0,0,0,100,0
Singapore,E1,n/a,n/a,n/a,88.2,56.7,100,n/a,n/a,n/a,46.9,50.2,82.8,37.1,21.6,50.3,25.6,n/a,100,100,100,n/a,100,100,n/a,57.5,n/a,100,100,n/a,n/a,82.6,99.3,99.5,99.8,n/a,61.5,50,100,n/a,n/a,50,33.3,100,n/a,100,n/a,100,n/a,n/a,77.9,n/a,n/a,n/a,n/a,96,78.7,100,25,n/a,100,n/a,n/a,n/a,n/a,n/a,n/a,n/a,n/a,n/a,n/a,100,66.7,0,n/a,100,n/a
Singapore,E2,72.6,81,81.2,91.1,60,100,79.5,75.5,67.8,68.5,73.9,93.8,72.7,43.9,94.5,27.2,75.2,100,100,100,0,100,100,33.3,68.1,100,100,100,74.5,96,85.2,99.3,99.5,99.9,53,59,50,50,62.6,61.1,50,33.3,100,64.1,100,48.8,100,81.5,68.1,93.1,21.1,0,72.4,81.5,96.3,79.5,100,50,61.9,100,56.9,74.1,42.2,36.7,61.5,73.8,50,100,0,0,100,66.7,100,100,100,0
Singapore,E3,73.5,82.7,81.6,91.1,55.1,100,82.7,79.1,74.1,83.4,81.4,94.3,78.8,51.5,97.6,31.8,75.2,100,100,100,0,100,100,33.3,68,100,100,100,73.9,95.4,83,99.3,99.5,99.8,52.4,57.3,50,50,69.8,72.2,50,66.7,100,67.3,100,51.4,100,68.7,78.6,93.1,46.8,0,67.7,81.5,96.5,79.5,100,50,47.8,100,51.4,55.9,24.4,29.2,26,73.8,50,100,0,0,100,66.7,100,100,100,0
Singapore,E4,77.9,86.6,83.3,97.7,55.3,100,81.6,81.7,77.5,91.6,93.4,95.3,78.7,53.3,98.4,31.8,85.5,100,100,100,50,100,100,66.7,67.7,100,100,100,70.4,92.2,70.4,99.3,99.5,99.8,48.6,45.7,50,50,79.6,77.8,100,33.3,100,81.3,100,67.6,100,60,66.7,98.6,57.8,100,75.2,81.5,96.7,79.5,100,50,51.3,100,54.3,75,18.5,26.9,32.9,92.9,50,100,0,0,100,100,100,100,100,100
Singapore,E5,77.4,87.5,83.2,98.4,55.2,100,79.6,83,80,100,100,94.1,78.5,55.4,100,31.8,86.8,100,100,100,50,100,100,66.7,78.1,100,100,100,73.4,99.8,100,99.7,99.5,99.8,47.1,41.4,50,50,76.1,77.8,100,33.3,100,74.4,100,42,100,41.5,34.7,98.6,78.3,100,72.4,81.5,96.7,79.5,100,50,57,100,38.9,82.2,25.2,45.2,50.7,78.6,50,100,0,0,100,100,0,100,100,100
Slovakia,E1,n/a,n/a,n/a,79.4,50,92.8,n/a,n/a,n/a,7.9,15.3,87.6,31.5,20.1,88.5,1.4,n/a,100,93,75,n/a,n/a,n/a,n/a,0,n/a,100,100,n/a,n/a,59.3,97.2,98.8,99.7,n/a,27.7,50,50,n/a,n/a,n/a,n/a,n/a,n/a,n/a,n/a,n/a,n/a,n/a,69.8,n/a,n/a,n/a,n/a,99.5,87.4,n/a,n/a,n/a,n/a,n/a,n/a,n/a,n/a,n/a,n/a,n/a,n/a,n/a,n/a,n/a,n/a,n/a,n/a,100,n/a
Slovakia,E2,n/a,n/a,n/a,80.4,52.4,98.4,72,76.4,n/a,6.9,17.6,88.4,35.8,23.8,92.1,1.8,n/a,100,94,87,n/a,n/a,n/a,n/a,0,n/a,100,100,n/a,n/a,59.8,97.2,98.8,99.7,n/a,26.7,50,50,n/a,n/a,n/a,n/a,n/a,n/a,n/a,n/a,n/a,n/a,n/a,84.6,n/a,n/a,n/a,n/a,99.5,88.2,n/a,n/a,n/a,n/a,n/a,n/a,n/a,n/a,n/a,n/a,n/a,n/a,n/a,n/a,n/a,n/a,n/a,n/a,100,n/a
Slovakia,E3,n/a,n/a,n/a,81.2,55,100,77.8,77.9,n/a,7.8,21,88.7,40.9,27.8,93.8,2.6,n/a,100,95,92,n/a,n/a,n/a,n/a,0,n/a,100,100,n/a,n/a,56.8,97.2,98.7,99.7,n/a,27.3,50,50,n/a,n/a,n/a,n/a,n/a,n/a,n/a,n/a,n/a,n/a,n/a,84.6,n/a,n/a,n/a,n/a,99.5,88.2,n/a,n/a,n/a,n/a,n/a,n/a,n/a,n/a,n/a,n/a,n/a,n/a,n/a,n/a,n/a,n/a,n/a,n/a,50,n/a
Slovakia,E4,71.8,75.1,80.1,80.7,59,100,80.2,80.4,43.3,9.9,27.1,90.5,46.1,31.2,95.1,3.2,77.2,100,95,94,50,100,100,66.7,11.6,100,100,100,65.6,89.6,62.9,97.2,98.7,99.7,41.6,24.7,50,50,91.3,100,100,100,100,82.7,100,48.6,100,76.7,83.3,88.1,64.4,100,55.1,55.3,99.5,88.2,33.3,0,43.4,100,31.4,12.5,11.1,34.6,70.5,66.7,50,100,0,0,50,66.7,100,100,100,0
Slovakia,E5,74.5,77,82.5,82.1,61.9,100,81.4,86.9,46.2,14,37.5,91.1,45.6,35.3,97.6,2.3,79.3,100,97,97,50,100,100,66.7,23.4,100,100,100,66.4,91.2,67,99.5,98.7,99.7,41.5,24.5,50,50,85.6,100,100,100,100,71.1,100,43.2,66.7,50,50,88.1,71.1,100,69.1,71.9,99.5,88.2,100,0,51.9,100,31.4,53.1,33.3,23.1,70.5,83.3,100,100,100,100,50,33.3,100,100,100,100
South Africa,E1,n/a,n/a,n/a,49.8,5.4,100,n/a,n/a,n/a,2.8,4.4,72.4,20.2,12.6,85.6,0.5,n/a,99.8,98,54,n/a,100,100,n/a,9.4,n/a,88.8,77.2,n/a,n/a,54.1,96.4,98,99.3,n/a,14.2,50,50,n/a,n/a,25,66.7,50,n/a,100,n/a,66.7,n/a,n/a,50.6,n/a,n/a,n/a,n/a,93.1,68.5,66.7,50,n/a,100,n/a,n/a,n/a,n/a,n/a,n/a,n/a,n/a,n/a,n/a,100,66.7,100,n/a,100,n/a
South Africa,E2,64,61.4,65.7,59.7,4.4,100,78.5,85.9,31.7,3.2,5.1,79,25.6,17,91.6,0.6,63.9,99.2,98,73,0,100,100,33.3,8,84.1,85.4,82.7,70.9,87.2,55.4,96.2,98.3,98.9,54.6,13.8,50,100,54.4,58.3,25,100,50,50.5,100,60,66.7,71.5,39.4,54.6,11.6,0,69.2,76,93.1,69.3,66.7,75,50.7,100,42.3,25.8,35.7,30.8,69.3,81,100,100,100,100,100,66.7,100,100,100,0
South Africa,E3,63.9,62,66.1,61.7,4.2,100,81.8,83,34.1,4.8,7.1,81.8,30.4,21.1,93.2,0.3,64.7,99.9,98.6,77.6,0,100,100,33.3,7.8,83.2,82.3,84.1,70.9,87.2,55,96.5,98.1,99.2,54.5,13.6,50,100,49.7,47.2,25,66.7,50,52.2,100,35.1,100,70,22.2,54.6,35.6,0,73,82.1,83.9,69.3,100,75,55.9,100,51.4,46.9,40.7,53.8,42.4,81,100,100,100,100,100,66.7,100,100,100,0
South Africa,E4,74.7,70,66.2,61.7,4.1,100,77.7,87.7,36.6,6.9,9.7,85.6,34.4,25.8,93.8,0.3,83,99.9,99.5,90.3,100,100,100,66.7,7.7,94,95.8,92.3,63.1,88.6,60.3,96.7,98.1,99.2,37.6,12.8,50,50,85.7,100,100,100,100,71.4,100,78.4,100,66.7,61.1,55,60,50,80,82.1,83.9,69.3,100,75,67.4,100,65.7,46.9,70.4,57.7,63.6,90.5,100,100,100,100,100,33.3,100,100,100,100
South Africa,E5,71.7,69.4,61.2,61.7,4.6,100,59.7,80,39.4,10.3,14.8,87.9,36.4,31,95.1,0.3,83.5,99.9,99.7,94.4,100,100,100,66.7,7.6,93.6,94.7,92.4,63.2,88.7,59.9,97.8,98.1,99.2,37.7,13,50,50,79.8,88.9,100,66.7,100,70.6,100,66.9,100,55.8,73.3,55,63.9,50,74.4,82.1,83.9,69.3,100,75,54.4,100,48.7,38,45.7,47.7,46,86.9,75,50,100,100,100,33.3,100,100,100,100
South Korea,E1,n/a,n/a,n/a,98.8,84,86.1,n/a,n/a,n/a,32,35.2,86.8,50.1,32.7,68.2,1.5,n/a,99.8,99,99,n/a,100,50,n/a,2.5,n/a,100,100,n/a,n/a,61.7,94.3,99.4,99.7,n/a,63.2,50,100,n/a,n/a,50,66.7,100,n/a,100,n/a,100,n/a,n/a,87,n/a,n/a,n/a,n/a,100,84.3,100,75,n/a,100,n/a,n/a,n/a,n/a,n/a,n/a,n/a,n/a,n/a,n/a,100,66.7,0,n/a,100,n/a
South Korea,E2,72.9,77.6,86.9,99.2,86,90.2,76,83,56.4,56.3,60.1,93,53.5,38.4,91.9,1.8,66.9,99.8,99.9,99.9,0,100,100,33.3,2.5,100,100,100,79.7,88.8,61.9,94.3,99.4,99.6,70.5,61.6,50,100,70.6,72.2,50,66.7,100,68.9,100,70.3,100,70,83.3,99,28.9,0,63.8,71.3,100,85,100,0,39.2,100,17.1,31.3,18.5,30.8,37.4,81,100,100,100,100,100,66.7,100,100,100,0
South Korea,E3,74,78.1,87.9,99.5,88.4,94.6,75,81.7,57.6,52.5,61.5,93.7,58.1,40.5,94.6,2.3,66.9,99.8,99.9,99.9,0,100,100,33.3,2.5,100,100,100,80.4,91,68.4,96.8,99.4,99.6,69.8,59.4,50,100,69.6,72.2,50,66.7,100,67,100,68.5,100,48.2,51.1,99,69.6,0,67.9,77.5,100,85,100,25,45.2,100,44.4,33.1,39.6,22.5,31.3,81,100,100,100,100,100,66.7,100,100,100,0
South Korea,E4,78.1,84.4,89.6,99.5,88.7,99.7,78.4,81.7,64.1,47.5,72.5,94,64.6,72.1,94.9,2.9,83.8,99.8,99.9,99.9,100,100,100,66.7,3.8,100,100,100,79.8,91.6,70.3,97.1,99.4,99.6,68.1,54.3,50,100,76.2,66.7,100,0,100,85.7,100,67.6,100,73.3,61.1,92.5,91.1,100,72,77.5,100,85,100,25,43.4,100,28.6,21.9,37,38.5,34.4,95.2,100,100,100,100,100,100,100,100,100,66.7
South Korea,E5,78.6,87.5,90.8,99.7,91.2,100,82.8,80.5,71.5,66.8,72.2,91.3,73.2,100,94,2.9,87.8,99.8,99.9,99.9,100,100,100,100,2.5,100,100,100,79.4,91.6,68.1,99.2,99.4,99.6,67.2,51.6,50,100,67,66.7,100,0,100,67.3,100,18.9,100,6.7,33.3,92.5,86.7,100,80.3,83.8,100,85,100,50,57.2,100,57.1,50,51.9,50,34.4,100,100,100,100,100,100,100,100,100,100,100
Spain,E1,n/a,n/a,n/a,78.8,61.9,79.5,n/a,n/a,n/a,10.4,21.1,80.4,34.4,21.3,79,0.8,n/a,99.6,99.4,91.3,n/a,100,100,n/a,8.3,n/a,100,100,n/a,n/a,89.7,99.4,99.1,99.7,n/a,36.5,100,50,n/a,n/a,50,33.3,100,n/a,100,n/a,100,n/a,n/a,77.1,n/a,n/a,n/a,n/a,97.7,65.4,66.7,75,n/a,100,n/a,n/a,n/a,n/a,n/a,n/a,n/a,n/a,n/a,n/a,100,66.7,100,n/a,100,n/a
Spain,E2,72,71,77.5,82,64.5,80.6,82.8,77.8,40.2,17.4,27.2,83.7,41.1,25.9,85.4,0.9,66.3,99.6,99.6,91.3,0,100,100,33.3,6.9,100,100,100,79.5,96.8,88.9,99.4,99,99.7,62.3,36.8,100,50,64.3,61.1,50,33.3,100,67.6,100,45.9,100,86.7,83.3,82.4,42.2,0,73,84.8,97.9,66.1,100,75,53.3,100,45.7,40.6,44.4,34.6,54.1,81,100,100,100,100,100,66.7,100,100,100,0
Spain,E3,73.9,73.1,79.3,83.4,67,82.7,82.8,80.4,46.3,29.9,39.2,86.4,48.8,30.2,88.6,0.9,67,99.6,99.7,96.2,0,100,100,33.3,6.9,100,100,100,85.8,92.3,71.2,99.4,98.8,99.7,79.3,37.8,100,100,63.5,61.1,50,33.3,100,65.9,100,45.9,100,56.7,77.8,82.4,64.4,0,73.4,84.8,97.9,66.1,100,75,54.4,100,65.7,53.1,22.2,30.8,54.4,81,100,100,100,100,100,66.7,100,100,100,0
Spain,E4,80.4,79,80.5,86.4,69.3,86.1,78.8,81.7,51.8,43.5,53.7,89.5,52.8,32.4,89.7,0.9,83.7,99.6,99.7,97.8,100,100,100,66.7,5.5,100,100,100,85.5,92,69.9,99.4,98.8,99.7,79,37.1,100,100,77.6,77.8,100,33.3,100,77.5,100,59.5,100,40,66.7,85,68.9,100,79.5,84.8,98,66.1,100,75,53.8,100,54.3,34.4,51.9,26.9,55.5,100,100,100,100,100,100,100,100,100,100,100
Spain,E5,83.4,80.4,82.3,91.4,71.2,88.5,75.9,84.3,55.2,57,64.8,90.4,48.7,33.4,91.1,0.9,84.2,99.6,99.7,99.4,100,100,100,66.7,8.1,100,100,100,86.4,94.2,78.8,99.6,98.8,99.7,78.7,36,100,100,83.1,88.9,100,66.7,100,77.3,100,47.4,100,48.2,72.8,85,65.2,100,83.5,84.8,98,66.1,100,75,65.6,100,75.3,48.4,46.9,48.8,74.3,100,100,100,100,100,100,100,100,100,100,100
Sri Lanka,E1,n/a,n/a,n/a,17.9,6.4,84.4,n/a,n/a,n/a,1.7,5.5,65.6,14.7,7.2,71.9,1.4,n/a,98,83,35,n/a,100,50,n/a,0,n/a,98.4,93,n/a,n/a,14.5,99.3,99.2,99.6,n/a,4.1,100,0,n/a,n/a,50,100,100,n/a,100,n/a,33.3,n/a,n/a,32.3,n/a,n/a,n/a,n/a,90.9,74.8,66.7,50,n/a,100,n/a,n/a,n/a,n/a,n/a,n/a,n/a,n/a,n/a,n/a,0,0,100,n/a,100,n/a
Sri Lanka,E2,58.7,56.7,51.7,20.9,9,92.7,67.1,68.7,29.1,2.8,7.5,83,13.1,6.7,89.4,1.5,46.1,98,85,36,0,100,50,0,0,100,100,100,58.8,82.8,33.1,99.4,99.1,99.6,34.7,4.2,100,0,63,83.3,50,100,100,42.7,50,21.6,66.7,46.7,88.9,52.5,15.6,0,56.3,70.5,90.6,74.8,66.7,50,48.5,100,57.1,40.6,25.9,30.8,36.2,50,0,0,0,0,50,0,100,100,100,0
Sri Lanka,E3,59.9,57.8,50.1,24.2,12.3,100,45.2,68.8,32.5,4.1,9.4,83.5,26.7,12.9,90.2,0.8,48.6,99.5,88,48,0,100,50,0,3.1,100,100,100,60.4,86,45.5,99.6,99.3,99.7,34.7,4.1,100,0,63.3,83.3,50,100,100,43.3,50,21.6,66.7,43.3,72.2,52.5,40,0,58.1,62,90,74.8,33.3,50,62.2,100,60,46.9,77.8,57.7,31,50,0,0,0,0,50,0,100,100,100,0
Sri Lanka,E4,65.2,61.3,50.2,24.2,15.5,100,51.6,59.6,36.8,5.1,11,84.9,39.6,20.6,95.3,0.8,58.4,98,86,80,50,100,50,0,3,100,100,100,51.3,84.6,39.7,99.6,99.3,99.7,18,4,50,0,85,100,100,100,100,70,50,86.5,66.7,76.7,100,49.9,80,50,63.4,79.1,90,76.4,100,50,61,0,71.4,59.4,74.1,88.5,72.8,50,0,0,0,0,50,0,100,100,100,0
Sri Lanka,E5,57.6,62.9,56.7,24.2,16.7,100,71.8,70.9,36.5,5.8,12.4,87.6,35.1,16.6,97.3,0.8,58.4,98,89,80,50,100,50,0,0,100,100,100,51.9,85.9,45.3,99.5,99.3,99.7,17.8,3.4,50,0,71.2,88.9,100,66.7,100,53.5,50,37.8,66.7,36.7,83.3,49.9,53.3,50,44.4,54,89.7,76.4,0,50,29.2,0,31.4,40.6,29.6,26.9,46.5,50,0,0,0,0,50,0,100,100,100,0
Sudan,E1,n/a,n/a,n/a,32.1,0.1,42.1,n/a,n/a,n/a,0.8,0.5,45.2,4.7,1.9,53.2,0.1,n/a,79.3,45.7,0,n/a,0,0,n/a,0,n/a,58.1,20.9,n/a,n/a,0,96,90,99.2,n/a,0.4,50,0,n/a,n/a,50,0,50,n/a,50,n/a,33.3,n/a,n/a,10.1,n/a,n/a,n/a,n/a,48.8,17.3,33.3,0,n/a,100,n/a,n/a,n/a,n/a,n/a,n/a,n/a,n/a,n/a,n/a,0,33.3,100,n/a,100,n/a
Sudan,E2,37.8,33,37.4,33.4,0.1,40.1,50.1,63.4,19.6,1.7,1.2,59.2,9.1,3.6,62.6,0.1,25.7,79.8,45.9,30,0,0,50,0,0,49.4,67.6,31.2,43.5,70.1,0,93.2,89.7,97.5,16.9,0.6,50,0,37.4,33.3,50,0,50,41.5,50,40.5,66.7,63.3,83.3,12.8,15.6,0,37.2,24.9,48.8,17.3,33.3,0,58,100,45.7,65.6,48.1,50,38.8,28.6,0,0,0,0,0,0,100,0,100,0
Sudan,E3,39,32.8,37.7,33.4,0.1,40.5,50.1,64.6,23.9,2.4,2.1,64.8,18.1,7.1,72.4,0.1,20.4,79.8,46,35,0,0,0,0,2.3,49.4,67.6,31.2,43,69.1,0,99.1,81.2,96.1,17,0.9,50,0,40.1,44.4,50,33.3,50,35.8,50,45.9,66.7,60,22.2,12.8,28.9,0,39.8,31.3,48.8,18.1,33.3,25,59.6,100,45.7,53.1,63,38.5,57.1,28.6,0,0,0,0,0,0,100,0,100,0
Sudan,E4,42.4,33.5,39.1,33.4,0.2,42.3,50.1,69.4,23.4,2.9,2.8,63.2,23.5,8,63.6,0.1,20.4,80.4,46.6,35,0,0,0,0,1.5,51.2,69.3,33.1,46.5,75.8,26.9,98.8,81.2,96.1,17.2,1.6,50,0,54.7,66.7,100,0,100,42.8,50,13.5,66.7,50,77.8,24.2,60,0,35,25.7,51.4,18.1,33.3,0,50.7,100,54.3,59.4,33.3,34.6,22.4,28.6,0,0,0,0,0,0,100,0,100,0
Sudan,E5,43.1,33.5,39.3,33.4,0.2,47.4,50.1,65.5,22.2,2.1,1.9,56.9,13.5,6.4,74.5,0.1,21.6,82.2,55.5,35,0,0,0,0,0,50.9,67.6,34.3,45.2,72.9,16,98.3,81.2,96.1,17.4,2.3,50,0,54.6,66.7,100,0,100,42.6,50,56.8,66.7,33.3,50,24.2,60,0,38.9,32,51.4,18.1,33.3,25,56.2,100,54.3,53.1,29.6,53.8,46.5,28.6,0,0,0,0,0,0,100,0,100,0
Sweden,E1,n/a,n/a,n/a,91,76.3,99.4,n/a,n/a,n/a,17,27.3,84.8,35.8,23,84.8,2,n/a,100,100,100,n/a,100,100,n/a,58.2,n/a,100,100,n/a,n/a,74.8,99.6,99.6,99.7,n/a,43,100,100,n/a,n/a,50,100,100,n/a,100,n/a,66.7,n/a,n/a,83.9,n/a,n/a,n/a,n/a,100,86.6,100,50,n/a,100,n/a,n/a,n/a,n/a,n/a,n/a,n/a,n/a,n/a,n/a,100,66.7,0,n/a,100,n/a
Sweden,E2,76.8,76.3,86.3,92,79.8,97.5,79.5,83,44.9,22.7,35.9,90.8,39.5,30.5,92.9,2.3,73.8,100,100,100,0,100,100,33.3,57.3,100,100,100,87.1,93.3,74.4,99.6,99.6,99.7,80.9,42.8,100,100,69.1,72.2,50,66.7,100,65.9,100,71.2,100,48.2,61.9,98.1,47.8,0,74.8,90.4,100,86.6,100,75,56.6,100,50,63.8,54.3,33.8,37.6,77.4,75,100,0,100,100,66.7,100,100,100,0
Sweden,E3,78.3,77.6,86.9,94.7,83,96.4,78.7,81.6,48.6,29,43.1,90.9,43.2,37,94.9,2.3,74.7,100,100,100,0,100,100,33.3,64.2,100,100,100,87.3,93.4,74.6,99.6,99.6,99.7,81.3,43.8,100,100,76.2,83.3,50,100,100,69.1,100,62.2,100,43.3,77.8,98.1,71.1,0,72.1,84.2,100,86.6,100,50,54.9,100,42.9,53.1,51.9,42.3,39.1,77.4,75,100,0,100,100,66.7,100,100,100,0
Sweden,E4,83.3,81.6,88.1,94.7,84.3,96.6,80.9,84.2,54.1,37.7,54.7,92.4,50.9,45.5,95,2.3,84.3,100,100,100,50,100,100,66.7,57.4,100,100,100,87.7,94,77.2,99.6,99.6,99.7,81.3,43.9,100,100,84.3,88.9,100,66.7,100,79.8,100,75.7,100,50,66.7,92.7,53.3,100,79.7,90.4,100,86.6,100,75,61.8,100,57.1,65.6,55.6,19.2,73.5,86.9,75,100,0,100,100,66.7,100,100,100,66.7
Sweden,E5,84.8,84.3,89.1,96.1,85.8,98.5,81.9,83,58.7,51.7,66.9,92.7,53,48,95.9,2.3,89.7,100,100,100,100,100,100,66.7,50.7,100,100,100,86.9,92.7,71.7,99.6,99.6,99.7,81.2,43.6,100,100,86.4,100,100,100,100,72.9,100,45.9,100,30,50,92.7,64.4,100,81.5,90.4,100,86.6,100,75,62.3,100,54.3,71.9,59.3,53.8,34.4,91.7,75,100,0,100,100,66.7,100,100,100,100
Switzerland,E1,n/a,n/a,n/a,84.7,95.1,100,n/a,n/a,n/a,12.8,26.1,84,42.5,24.1,91.4,2.4,n/a,100,100,98,n/a,n/a,n/a,n/a,68.9,n/a,100,100,n/a,n/a,98.7,99.2,99.1,99.9,n/a,78.9,0,50,n/a,n/a,n/a,n/a,n/a,n/a,n/a,n/a,n/a,n/a,n/a,86,n/a,n/a,n/a,n/a,100,94.5,n/a,n/a,n/a,n/a,n/a,n/a,n/a,n/a,n/a,n/a,n/a,n/a,n/a,n/a,n/a,n/a,n/a,n/a,100,n/a
Switzerland,E2,68.8,75.9,87.9,86.8,96.1,100,81.7,74.8,45.4,19.5,36.9,90.7,46.8,26.3,95,2.6,70.4,100,100,99,0,100,100,33.3,30.6,100,100,100,70.7,99,97.7,99.2,99.1,99.8,42.5,77.5,0,50,59.6,66.7,50,100,50,52.6,100,22.7,100,39.8,41.4,100,16.9,0,68.9,86.1,100,94.5,100,50,43.2,100,65.1,28.9,24.4,14.4,26,77.4,75,100,0,100,100,66.7,100,100,100,0
Switzerland,E3,74.6,78,89.4,88.6,98.8,100,80.7,79,50.6,25.3,42.5,90.7,58.7,38.3,96.1,2.8,72.2,100,100,99,0,100,100,33.3,45.1,100,100,100,71.4,99.5,100,99.2,99.1,99.8,43.2,79.7,0,50,75.9,83.3,50,100,100,68.5,100,75.7,100,63.3,55.6,100,53.3,0,73,86.1,100,94.5,100,50,55.4,100,57.1,46.9,37,42.3,48.9,77.4,75,100,0,100,100,66.7,100,100,100,0
Switzerland,E4,81,84.3,87.9,88.6,97.1,96.5,80.8,76.5,57.7,34.3,55.5,92.9,72.8,48.5,97,2.8,91.6,100,100,99,100,100,100,66.7,67,100,100,100,70.1,97,90,99.2,99.1,99.8,43.2,79.5,0,50,90.4,100,100,100,100,80.9,100,75.7,100,63.3,55.6,99,53.3,100,79.3,86.1,100,94.5,100,50,55.4,100,57.1,46.9,37,42.3,48.9,96.4,75,100,0,100,100,100,100,100,100,100
Switzerland,E5,77.8,85.9,90.3,91.6,100,96,83.8,80.3,64.7,47.8,74.8,93.7,80.8,54.9,98,2.8,88.8,100,100,99,100,100,100,66.7,44.4,100,100,100,69.2,95.7,84.3,99.6,99.1,99.8,42.7,78,0,50,78.7,88.9,100,66.7,100,68.5,100,44.7,66.7,18.7,51.1,99,67.4,100,77.3,86.1,100,94.5,100,50,49.2,100,64,30.2,32.4,30,38.8,96.4,75,100,0,100,100,100,100,100,100,100
Taiwan,E1,n/a,n/a,n/a,81.9,51.2,96,n/a,n/a,n/a,15.6,25.9,91.2,51.3,25.4,94.8,2.7,n/a,100,100,99.5,n/a,100,50,n/a,5.4,n/a,98.9,99,n/a,n/a,43.3,99.5,98.7,99.8,n/a,40,100,0,n/a,n/a,50,100,100,n/a,100,n/a,66.7,n/a,n/a,45.1,n/a,n/a,n/a,n/a,100,73.2,100,50,n/a,100,n/a,n/a,n/a,n/a,n/a,n/a,n/a,n/a,n/a,n/a,100,66.7,100,n/a,100,n/a
Taiwan,E2,68,70.6,76.2,81.9,51.3,93.8,75.9,77.8,46.3,10.2,21.3,92,52.3,27.5,97,23.8,61,100,100,99.5,0,100,50,33.3,5.4,98.9,98.9,99,66.6,86.5,47.9,99.5,98.8,99.8,46.6,39.8,100,0,72.6,83.3,50,100,100,61.9,100,62.2,100,70,72.2,59.3,31.1,0,62.2,80.8,100,73.2,100,50,46.2,100,25.7,46.9,44.4,38.5,22,59.5,50,100,0,0,100,66.7,100,0,100,0
Taiwan,E3,70.1,73,81.3,89.9,51.4,91.6,87.6,85.9,50.6,19.3,29,92.6,56.7,35.5,97.5,23.8,61,100,100,99.6,0,100,50,33.3,5.4,98.9,98.9,99,66.6,87,49.6,99.5,98.9,99.9,46.2,38.5,100,0,72.9,83.3,50,100,100,62.5,100,54.1,100,40,88.9,59.3,57.8,0,68,74.6,100,73.2,100,25,51.9,100,42.9,50,40.7,50,28,77.4,75,100,100,0,100,66.7,100,100,100,0
Taiwan,E4,75.6,77.5,78.6,89,51.4,93.7,79.7,79.1,67.2,55.6,68.1,94.6,57,41,97.7,56.7,65.2,100,100,99.9,0,100,50,66.7,5.4,98.9,98.9,99,65.8,87,49.6,99.5,98.9,99.9,44.7,34.2,100,0,89.2,100,100,100,100,78.4,100,73,100,63.3,61.1,60.7,68.9,100,69.7,74.8,100,74,100,25,34.5,100,28.6,43.8,14.8,15.4,4.4,100,100,100,100,100,100,100,100,100,100,100
Taiwan,E5,78.5,82.1,80.4,86.2,52.3,93.2,87.2,83,71.5,64.2,70.4,95.5,58.1,46.2,98.1,68.2,77.7,100,100,99.9,100,100,50,66.7,5.4,98.9,98.9,99,66.1,88.3,54.8,99.6,98.9,99.9,44,31.9,100,0,90.4,100,100,100,100,80.8,100,56.8,100,60,88.9,60.7,80,100,75.2,74.8,100,74,100,25,55.6,100,51.4,68.8,37,53.8,22.4,95.2,100,100,100,100,100,66.7,100,100,100,100
Tanzania,E1,n/a,n/a,n/a,4.8,0.4,47.3,n/a,n/a,n/a,1.8,1.5,58,10.1,4,54.4,0,n/a,90.2,85,13,n/a,0,50,n/a,2.4,n/a,67.2,3.5,n/a,n/a,19.2,90.4,91.5,92.1,n/a,4.5,100,0,n/a,n/a,50,33.3,50,n/a,100,n/a,33.3,n/a,n/a,25.2,n/a,n/a,n/a,n/a,72.7,35.4,100,25,n/a,100,n/a,n/a,n/a,n/a,n/a,n/a,n/a,n/a,n/a,n/a,0,33.3,100,n/a,100,n/a
Tanzania,E2,49.6,33.6,29.8,8.2,1.3,45.8,29.7,64,25,2.6,2.4,74,12.9,4.9,78.2,0.1,40.5,90.2,85,13,0,0,100,33.3,2.3,39,61.2,16.8,54.5,74.3,23.7,91,92.1,90.3,34.7,4.2,100,0,51.8,55.6,50,66.7,50,48,100,67.6,33.3,73.3,66.7,25.7,17.8,0,58.6,58.5,72.7,36.2,100,25,55.4,100,48.6,43.8,51.9,38.5,49.5,61.9,50,0,100,100,50,33.3,100,100,100,0
Tanzania,E3,51.7,35.2,34,14.1,3,43.4,43.5,65.9,27.5,3.5,3.3,78.1,15.6,6.2,86.1,0,40.5,90.2,85,13,0,0,100,33.3,2.2,38.8,61.2,16.4,55.3,75.9,27,91.1,92.3,93.3,34.7,4.2,100,0,56,66.7,50,100,50,45.4,100,36.4,66.7,61.3,48.6,25.7,24.2,0,60.4,50.1,72.7,36.2,66.7,25,65.5,100,51.4,55.8,70.9,60,54.9,65.5,25,0,0,100,100,33.3,100,100,100,0
Tanzania,E4,55.9,36.6,32.1,14.1,3.3,47.5,32.5,63.4,29.8,4.9,4.8,80.9,21,8.3,88.8,0,40.6,90.2,85,13,0,0,100,33.3,3.4,43.7,69.3,18.1,63.7,76.1,26.6,92.1,92.3,93.3,51.4,4.2,100,50,60.3,75,75,100,50,45.6,100,16.2,33.3,16.7,50,43.1,55.6,50,62.9,58.5,72.7,36.2,100,25,63.6,100,68.6,56.3,44.4,61.5,50.8,66.7,0,0,0,0,100,66.7,100,100,100,0
Tanzania,E5,55.6,34.5,33.6,14.1,3.8,52.4,33.8,63.8,31.4,6,5.3,82.7,24.7,9.5,91.6,0,28.1,90.2,85,13,0,0,0,33.3,3.3,44.9,67,22.8,64.7,78.2,37,90,92.3,93.3,51.3,3.8,100,50,59.5,75,75,100,50,44,100,27,33.3,30,61.1,43.1,57.8,0,63.7,58.5,72.7,36.2,100,25,65.9,100,71.4,78.1,66.7,38.5,40.5,66.7,0,0,0,0,100,66.7,100,100,100,0
Thailand,E1,n/a,n/a,n/a,52.1,19.3,100,n/a,n/a,n/a,3.6,10.2,86,27.7,11.9,89,1.8,n/a,94.1,97,21,n/a,100,100,n/a,2.9,n/a,99.7,98.3,n/a,n/a,41,98.2,98.1,98.9,n/a,17.1,50,50,n/a,n/a,50,33.3,50,n/a,100,n/a,66.7,n/a,n/a,47.3,n/a,n/a,n/a,n/a,91.2,48.8,100,50,n/a,100,n/a,n/a,n/a,n/a,n/a,n/a,n/a,n/a,n/a,n/a,100,66.7,100,n/a,100,n/a
Thailand,E2,62.6,66.2,66.6,59.7,22.3,100,70.8,80.3,36.2,6.5,15.4,90.2,32.5,13,93.1,3,61.9,96.1,98,98,0,100,100,0,2.8,100,100,100,70.4,84.8,44,98,98.2,98.9,56,17.9,50,100,48.1,33.3,50,0,50,62.9,100,78.4,100,26.7,100,69.6,28.9,0,65.9,72.5,91.2,48.8,100,50,69.3,100,85.7,53.1,55.6,50,71.3,56,25,0,0,100,100,66.7,100,0,100,0
Thailand,E3,61.5,67.9,67.5,64.3,25.3,100,69.1,79.1,38.2,10.7,20.2,91.5,33.7,12.4,94.8,4,66,96.1,98,98,0,100,100,33.3,2.7,100,100,100,70.9,85.9,47.1,98.1,99.3,98.9,55.9,17.6,50,100,56.4,44.4,50,33.3,50,68.4,100,55.3,100,54.7,89.2,69.6,78.3,0,50.8,43.5,91.2,49.6,33.3,0,52.8,0,75.3,69.8,75.9,45.2,50.8,56,25,0,0,100,100,66.7,100,0,100,0
Thailand,E4,67.6,72.2,72.6,67.6,28.2,100,85.7,81.6,43.7,22,33.5,93.2,40.8,17.2,95.6,3.8,72.5,96.1,98,98,50,100,100,33.3,4.6,100,100,100,72.3,88.7,58.2,98.2,99.3,98.9,55.9,17.6,50,100,72,61.1,100,33.3,50,82.8,100,83.8,66.7,56.7,88.9,75.5,91.1,100,54,43.5,91.2,49.6,33.3,0,59,100,77.1,40.6,51.9,34.6,49.5,59.5,50,100,0,0,100,66.7,100,0,100,0
Thailand,E5,64.8,77.2,71.4,74.5,31,100,72.4,79,58.9,54.5,72.7,95.7,61.2,27.9,97.1,3.3,78.4,96.1,98,98,100,100,100,33.3,1.8,100,100,100,71.7,87.5,53.4,98.3,99.3,98.9,55.9,17.8,50,100,64.1,61.1,100,33.3,50,67,100,35.1,66.7,40,38.9,75.5,80,100,46.1,43.8,92.3,49.6,33.3,0,42.2,100,68.6,15.6,18.5,19.2,31.4,52.4,0,0,0,0,100,66.7,100,0,100,0
Trinidad & Tobago,E1,n/a,n/a,n/a,64.9,43.3,100,n/a,n/a,n/a,3.1,10.6,85.2,0.7,2.2,66.5,4,n/a,100,75,0,n/a,n/a,n/a,n/a,46.8,n/a,99.1,96.3,n/a,n/a,53.3,97.7,99.1,99.6,n/a,6.1,0,50,n/a,n/a,n/a,n/a,n/a,n/a,n/a,n/a,n/a,n/a,n/a,47.6,n/a,n/a,n/a,n/a,98.8,74.8,n/a,n/a,n/a,n/a,n/a,n/a,n/a,n/a,n/a,n/a,n/a,n/a,n/a,n/a,n/a,n/a,n/a,n/a,50,n/a
Trinidad & Tobago,E2,n/a,n/a,n/a,70.8,39.6,100,75.7,78.5,n/a,6,13.5,87.7,9.8,5.2,80.2,6,n/a,100,75,10,n/a,n/a,n/a,n/a,46.8,n/a,100,97.8,n/a,n/a,53.3,97.7,96.3,99.6,n/a,6.1,0,50,n/a,n/a,n/a,n/a,n/a,n/a,n/a,n/a,n/a,n/a,n/a,74.9,n/a,n/a,n/a,n/a,98.8,75.6,n/a,n/a,n/a,n/a,n/a,n/a,n/a,n/a,n/a,n/a,n/a,n/a,n/a,n/a,n/a,n/a,n/a,n/a,50,n/a
Trinidad & Tobago,E3,n/a,n/a,n/a,77.4,50.3,100,83.8,77.8,n/a,8.8,18.7,90.8,19.9,10.8,89.5,5.7,n/a,100,75,75,n/a,n/a,n/a,n/a,46.5,n/a,100,97.8,n/a,n/a,53.3,96.5,99.1,99.6,n/a,6.3,0,100,n/a,n/a,n/a,n/a,n/a,n/a,n/a,n/a,n/a,n/a,n/a,74.9,n/a,n/a,n/a,n/a,98.8,75.6,n/a,n/a,n/a,n/a,n/a,n/a,n/a,n/a,n/a,n/a,n/a,n/a,n/a,n/a,n/a,n/a,n/a,n/a,50,n/a
Trinidad & Tobago,E4,65.2,72.8,78.3,77.4,52.5,100,83.8,77.8,38,10.1,21.3,92.8,27.1,13.8,95.1,5.7,75.6,100,100,75,50,100,100,33.3,46.3,99.5,100,99,61,86.6,53.3,94.4,99.1,99.6,35.4,6.1,0,100,58.1,61.1,100,33.3,50,55.2,100,51.4,66.7,46.7,77.8,58.8,40,0,69,87.3,98.8,75.6,100,75,62.6,100,68.6,56.3,51.9,46.2,52.5,57.1,50,100,0,0,50,100,0,100,100,0
Trinidad & Tobago,E5,61.6,73.9,78.2,77.4,51.9,100,83.8,77.8,42.6,13.8,26.8,93.5,38.4,24.9,95.3,5.7,75.5,100,100,75,50,100,100,33.3,45.8,99.1,100,98.3,53.3,87.8,57.1,95.6,99.1,99.6,18.7,6.1,0,50,58.4,61.1,100,33.3,50,55.8,100,54.1,66.7,30,83.3,58.8,53.3,0,60.8,68.6,98.8,75.6,100,0,49.6,100,57.1,31.3,29.6,26.9,52.5,64.3,50,100,0,0,100,100,0,100,100,0
Tunisia,E1,n/a,n/a,n/a,30.5,10.9,100,n/a,n/a,n/a,1.3,2.1,77.2,21.9,14.2,86.9,1,n/a,98,94,0,n/a,n/a,n/a,n/a,0,n/a,100,100,n/a,n/a,33.7,97.8,97,99.6,n/a,7.1,50,100,n/a,n/a,n/a,n/a,n/a,n/a,n/a,n/a,n/a,n/a,n/a,44.4,n/a,n/a,n/a,n/a,76.6,44.1,n/a,n/a,n/a,n/a,n/a,n/a,n/a,n/a,n/a,n/a,n/a,n/a,n/a,n/a,n/a,n/a,n/a,n/a,100,n/a
Tunisia,E2,n/a,n/a,n/a,37.3,12.1,96.3,62.8,81.6,n/a,1.2,2.1,78.7,21.7,12.7,94.1,1.3,n/a,98,99,73,n/a,n/a,n/a,n/a,0,n/a,100,100,n/a,n/a,35.8,97.9,98.2,99.6,n/a,7.5,50,100,n/a,n/a,n/a,n/a,n/a,n/a,n/a,n/a,n/a,n/a,n/a,47.1,n/a,n/a,n/a,n/a,76.6,44.9,n/a,n/a,n/a,n/a,n/a,n/a,n/a,n/a,n/a,n/a,n/a,n/a,n/a,n/a,n/a,n/a,n/a,n/a,100,n/a
Tunisia,E3,58.6,62,61.2,44.3,14.9,95.4,79.6,71.8,31.9,1.7,2.8,78.2,28.4,15.6,95.4,1.2,54.9,98,99,87,0,100,50,0,5.5,100,100,100,67.9,83.3,37.4,98.1,98.3,99.6,52.5,7.4,50,100,53.1,55.6,50,66.7,50,50.7,100,52.6,66.7,57.2,63.3,47.1,18.4,0,51.6,74.1,76.6,44.9,100,75,42.5,100,36.6,45.6,23.7,28.7,20.2,38.1,50,100,0,0,50,66.7,0,0,100,0
Tunisia,E4,63.4,63.2,61.6,45.8,18.7,97.7,74.2,71.6,35.8,2,3.5,80.3,45.2,21.9,96.5,1.5,55.4,98,99,96,0,100,50,0,0,100,100,100,68.8,85.1,44.6,98.1,98.3,99.6,52.5,7.6,50,100,65.8,72.2,100,66.7,50,59.4,100,27,66.7,40,83.3,59,48.9,50,55.7,74.3,76.6,45.7,100,75,57.1,100,51.4,50,63,42.3,36.1,35.7,0,0,0,0,50,100,0,0,100,0
Tunisia,E5,60.4,64,63.2,51.4,21.7,96.3,73.6,72.8,37.4,1.7,3.3,80.4,52,24.4,97.8,1.9,55.4,98,99,96,0,50,100,0,0,100,100,100,67.8,82.8,35.5,98,98.3,99.6,52.8,8.3,50,100,56.1,72.2,100,66.7,50,40,100,5.4,33.3,6.7,50,59,15.6,50,53.6,74.3,76.6,45.7,100,75,43.7,100,40,34.4,37,34.6,16.4,42.9,0,0,0,0,100,100,0,0,100,0
Turkey,E1,n/a,n/a,n/a,69.4,25.8,64,n/a,n/a,n/a,2.1,6.1,83.2,40.9,23,89.4,1.9,n/a,97.1,95,0,n/a,0,100,n/a,1.7,n/a,100,100,n/a,n/a,39.3,98.1,98.9,99.7,n/a,7.8,50,0,n/a,n/a,50,66.7,100,n/a,100,n/a,100,n/a,n/a,57.3,n/a,n/a,n/a,n/a,94.6,52,66.7,100,n/a,0,n/a,n/a,n/a,n/a,n/a,n/a,n/a,n/a,n/a,n/a,50,0,100,n/a,100,n/a
Turkey,E2,62.2,65,59.3,76.2,28,64.2,61.8,66.3,36.5,1.4,6.4,85.9,41.6,25.4,92.5,2.2,64.1,99.4,96,82.5,0,100,100,33.3,1.6,100,100,100,52,84.6,41.9,99.1,97.5,99.7,19.5,8.5,50,0,67.8,72.2,50,66.7,100,63.3,100,70.3,100,76.7,61.1,63.2,35.6,0,63.9,77.7,95.3,48.8,66.7,100,64.1,100,48.6,78.1,40.7,53.8,63.5,50,0,0,0,0,50,0,100,100,100,0
Turkey,E3,64.3,67.5,66.3,80.6,31.3,66.1,74.6,79.1,39,1.9,7.4,86.8,49.7,29.6,94.9,2.8,64.8,99.7,97.4,86.5,0,100,100,33.3,1.6,100,100,100,52.7,85.6,45.3,99.2,97.9,99.8,19.9,9.8,50,0,71.1,72.2,50,66.7,100,69.9,100,81.8,100,74.2,83.6,63.2,56.6,0,65.7,71.6,95.3,49.6,66.7,75,56.3,100,55.6,76.1,39.6,11.2,55.5,69,100,100,100,100,50,33.3,100,100,100,0
Turkey,E4,71.1,70.3,68,83.8,34.7,67.5,71,83,41.3,2.8,9.7,88.2,56.7,32.6,96.2,3.2,72,99.4,98.3,93.2,50,100,100,33.3,1.5,100,100,100,52.4,84.4,40.7,99.2,97.9,99.8,20.4,11.2,50,0,89.6,100,100,100,100,79.2,100,81.1,100,100,94.4,73.7,84.4,0,72.2,80,95.3,49.6,100,75,47.4,100,45.7,50,14.8,15.4,58.5,89.3,75,50,100,100,50,100,100,100,100,100
Turkey,E5,69.1,71.1,69.6,88.3,36.4,67,78.7,77.8,42.2,3.9,12.1,88.3,58.4,32.2,96.6,4.1,72.4,99.4,98.6,96.7,50,100,100,33.3,1.5,100,100,100,53.2,85.4,44.8,99.3,97.9,99.8,21,13,50,0,76.6,100,100,100,100,53.3,100,27,100,46.7,16.7,73.7,62.2,0,75.4,80,95.3,49.6,100,75,58.2,100,85.7,31.3,37,57.7,37.4,88.1,100,100,100,100,50,66.7,100,100,100,100
UAE,E1,n/a,n/a,n/a,94.3,28.4,100,n/a,n/a,n/a,4.6,12.2,88.4,59.8,32.5,81.9,6.3,n/a,100,100,95.3,n/a,n/a,n/a,n/a,13.9,n/a,100,100,n/a,n/a,71.7,98.9,98.8,99.7,n/a,63.1,0,0,n/a,n/a,n/a,n/a,n/a,n/a,n/a,n/a,n/a,n/a,n/a,75.4,n/a,n/a,n/a,n/a,92.3,72.4,n/a,n/a,n/a,n/a,n/a,n/a,n/a,n/a,n/a,n/a,n/a,n/a,n/a,n/a,n/a,n/a,n/a,n/a,100,n/a
UAE,E2,59.9,68.5,77.9,94.3,29.6,100,82.8,83,44.6,4.5,11.4,93,64.6,38.3,91.8,8.3,51.7,100,100,99.6,0,100,0,0,13.7,100,100,100,56.5,93,74.5,98.9,98.8,99.8,20,59.9,0,0,52.6,50,50,0,100,55.2,100,48.6,33.3,60,83.3,89.9,26.7,0,61.8,66.6,92.3,74,100,0,70.1,100,60,65.6,74.1,61.5,59.5,48.8,75,100,0,100,0,66.7,100,0,100,0
UAE,E3,61.5,71.5,85.4,96.9,62.1,100,84.9,83,48.9,5.3,13.9,94,74,50.2,94.6,10,51.6,100,100,99.6,0,100,0,0,13.6,100,100,100,55.4,91,66.7,98.9,98.7,99.8,19.7,59.1,0,0,55.9,50,50,0,100,61.8,100,31.5,100,44.8,67.2,89.9,60.9,0,63.1,79.3,92.3,74.8,100,50,61.2,100,58.4,73,57.8,45.2,32.8,48.8,75,100,0,100,0,66.7,100,0,100,0
UAE,E4,68,78.3,86.6,98.4,67,100,84.9,83,53.9,11.1,30.5,94.7,78.5,54.6,96.1,11.9,72.5,100,100,99.7,100,100,0,66.7,13.4,100,100,100,56.3,94.2,79.4,98.9,98.7,99.8,18.4,55.1,0,0,74.5,66.7,100,0,100,82.3,100,59.5,100,63.3,88.9,86.5,60,100,63.2,79.5,92.3,75.6,100,50,64.8,100,77.1,50,70.4,53.8,37.4,45.2,50,100,0,0,0,66.7,0,0,100,100
UAE,E5,69.9,81.8,87.4,99.1,66.5,100,88.3,83,67.5,22.9,48.8,95.2,100,94,97.9,13.4,72.4,100,100,99.8,100,100,0,66.7,13,100,100,100,56.8,95.4,83.7,99.4,98.7,99.8,18.1,54.3,0,0,77.4,77.8,100,33.3,100,77.1,100,29.6,100,36.7,85,86.5,78.7,100,63.4,79.3,91.6,75.6,100,50,65.8,100,33.6,58.4,64.6,85,53.2,45.2,50,100,0,0,0,66.7,0,0,100,100
Uganda,E1,n/a,n/a,n/a,6.9,0.4,23.3,n/a,n/a,n/a,2.2,1.6,59.6,6.4,4.9,37.4,0.2,n/a,82.4,60,10,n/a,100,0,n/a,1.7,n/a,50.2,6.8,n/a,n/a,17.2,76.4,76,0,n/a,6.1,50,0,n/a,n/a,50,66.7,100,n/a,100,n/a,66.7,n/a,n/a,28.6,n/a,n/a,n/a,n/a,63.2,33.9,33.3,75,n/a,0,n/a,n/a,n/a,n/a,n/a,n/a,n/a,n/a,n/a,n/a,100,0,100,n/a,100,n/a
Uganda,E2,49.3,30.6,31.2,8.6,0.5,28,61.7,57.2,25,2.9,2.2,77.2,7.9,6.4,78.3,0.2,50,86.3,64,15,0,100,100,33.3,1.5,16.3,14.3,18.3,43.2,67.6,21.9,75.1,76.1,97.5,18.7,6.1,50,0,62.1,72.2,50,66.7,100,52,100,67.6,66.7,80,38.9,42.8,20,0,61.4,68,63.2,33.9,100,75,48.2,0,51.4,65.6,51.9,46.2,74.4,67.9,75,50,100,100,100,0,100,100,100,0
Uganda,E3,50.4,29.8,30.8,10.5,0,30.9,51.6,60.8,27.9,3.6,2.9,81.2,13.2,7,87,0.3,44.1,86.3,65,17,0,100,50,33.3,1.5,16.3,14.3,18.3,44.1,69.4,13.3,87.6,79.3,97.4,18.8,6.3,50,0,66,83.3,50,100,100,48.7,100,27,100,66.7,33.3,42.8,20,0,61.5,68.2,63.2,34.6,100,75,43.8,0,60,53.1,63,30.8,55.9,72.6,75,50,100,100,100,33.3,100,100,100,0
Uganda,E4,56.4,37.8,34.7,10.5,0,27.7,68.8,66.4,31.1,6.3,5.8,84.3,19.9,9.4,91.9,0.3,50.9,96.1,69.6,57,0,100,50,33.3,1.5,34.6,58.8,10.5,45.4,72.1,23.6,88.1,79.3,97.4,18.7,6.1,50,0,73.4,100,100,100,100,46.7,100,24.3,66.7,26.7,77.8,38.3,40,0,68.9,70.7,71,37,100,75,53.8,100,42.9,40.6,55.6,46.2,37.4,82.1,75,50,100,100,100,100,100,100,100,0
Uganda,E5,57.9,40.7,35,10.5,0,27.8,71.3,65.4,31.4,5.8,5.6,81.8,21,10.8,94.3,0.3,57.2,96.1,69.6,57,50,100,50,33.3,1.5,39.3,62,16.6,46.6,74.5,31.2,90.2,79.3,97.4,18.7,6.1,50,0,76.3,100,100,100,100,52.6,100,40.5,66.7,43.3,83.3,38.3,48.9,0,67.9,70.7,71,37,100,75,50.7,100,34.3,46.9,37,30.8,55.5,82.1,75,50,100,100,100,100,100,100,100,0
Ukraine,E1,n/a,n/a,n/a,50.1,24.8,100,n/a,n/a,n/a,14.1,14.8,87.6,5.3,5.3,68.2,2.4,n/a,99.8,35,0,n/a,100,100,n/a,7.4,n/a,100,100,n/a,n/a,30.5,93.6,98.1,99.7,n/a,2.5,50,100,n/a,n/a,50,100,100,n/a,100,n/a,66.7,n/a,n/a,55.2,n/a,n/a,n/a,n/a,99.8,78,100,25,n/a,100,n/a,n/a,n/a,n/a,n/a,n/a,n/a,n/a,n/a,n/a,0,66.7,0,n/a,50,n/a
Ukraine,E2,63.3,61.9,67.2,54.5,25.7,100,71.3,84.4,30.6,15.7,16.4,88.7,6.3,5.9,78.5,2.6,49.8,99.8,90,1.4,0,100,100,0,7.5,100,100,100,65.7,80.4,29.9,93.6,98.5,99.7,50.9,2.8,50,100,72.8,83.3,50,100,100,62.3,100,81.1,66.7,66.7,83.3,61,40,0,52.7,75.7,99.8,78,100,25,58.6,100,14.3,71.9,74.1,46.2,45.1,23.8,50,100,0,0,0,66.7,0,0,50,0
Ukraine,E3,67,63.8,69.2,60.2,26.3,100,77.9,81.6,35.7,18.3,18.3,89.5,21.8,11.9,87.4,2.5,50.4,99.8,90,3,0,100,100,0,10.5,100,100,100,67.7,84.3,41.3,97.9,98.5,99.6,51,3.1,50,100,74.1,83.3,50,100,100,64.8,100,57.7,100,60.3,68.6,61,70.9,0,62.2,75.7,99.8,78,100,25,58.6,100,33.9,48.6,69.1,68.5,31.6,52.4,50,100,0,0,50,66.7,100,0,100,0
Ukraine,E4,72.5,67.9,69.9,61.8,27.3,97.8,78.3,84.3,40.8,22.3,22.5,92.4,40.5,16.7,89,2.5,61,99.8,90,3,50,100,100,33.3,12.1,100,100,100,65.6,80,23.9,98,98.5,99.6,51.2,3.6,50,100,89.5,100,100,100,100,79,100,57.7,100,60.3,68.6,74.4,70.9,100,67,75.7,99.8,78,100,25,58.6,100,33.9,48.6,69.1,68.5,31.6,66.7,50,100,0,0,50,100,100,0,100,66.7
Ukraine,E5,70,69.4,70.2,61.8,34.5,100,70.4,84.3,44,26.9,25.5,93.4,47.1,20.8,92.2,2.5,63.5,99.8,89.1,78.1,50,100,50,33.3,7.6,100,100,100,67.2,82.8,34.4,98.8,98.5,99.6,51.5,4.5,50,100,84,100,100,100,100,68,100,35.1,66.7,30,77.8,74.4,60,100,59.5,75.7,99.8,78,100,25,43.2,100,48.6,25,25.9,46.2,13.4,59.5,0,0,0,0,50,66.7,100,0,100,100
United Kingdom,E1,n/a,n/a,n/a,91.3,79.9,90.3,n/a,n/a,n/a,4.9,16.9,83.6,34.8,20.1,79.8,12.1,n/a,99.2,99.6,97.8,n/a,100,100,n/a,7.9,n/a,100,100,n/a,n/a,83.8,99.3,99.4,99.9,n/a,43.4,100,100,n/a,n/a,50,33.3,100,n/a,100,n/a,100,n/a,n/a,86.4,n/a,n/a,n/a,n/a,100,89.8,100,50,n/a,100,n/a,n/a,n/a,n/a,n/a,n/a,n/a,n/a,n/a,n/a,100,66.7,100,n/a,0,n/a
United Kingdom,E2,71.5,73.5,87.2,93.5,81.9,89.2,86,85.6,39.5,4,20.2,86.9,39.7,22.4,90.1,13.1,67.3,99.2,99.6,98.5,0,100,100,33.3,7.8,100,100,100,87.7,94.9,80.9,99.3,99.3,99.9,80.6,41.8,100,100,56.6,61.1,50,33.3,100,52.1,100,35.1,100,16.7,22.2,98.6,44.4,0,68.2,85.1,100,90.6,100,50,52.8,100,60,40.6,29.6,30.8,55.5,66.7,100,100,100,100,100,66.7,100,100,0,0
United Kingdom,E3,74.2,74.5,89.1,89.6,83.2,88.6,91.8,92.5,41.1,5.1,24.1,87.8,41,24.1,91,14.6,67.7,99.6,99.6,99.3,0,100,100,33.3,9.6,100,100,100,87.7,94.6,80,99.3,99.3,99.7,80.8,42.5,100,100,64.2,61.1,50,33.3,100,67.3,100,73,100,47.7,42.2,98.6,77.2,0,70.4,85.1,100,90.6,100,50,59.3,100,66.3,48.6,37.6,35.8,67.5,66.7,100,100,100,100,100,66.7,100,100,0,0
United Kingdom,E4,79.7,78.1,85.3,90.2,84.4,88.5,82.8,80.4,43,6.9,27.8,90.3,42.5,27.9,90.7,14.6,84.3,99.8,99.7,99.7,100,100,100,66.7,8.5,100,100,100,88.4,96.4,87.2,99.3,99.3,99.7,80.4,41.1,100,100,76.9,77.8,100,33.3,100,76.1,100,62.2,100,23.3,61.1,97.9,64.4,100,75.5,85.3,100,91.3,100,50,55.4,100,68.6,50,18.5,30.8,64.5,85.7,100,100,100,100,100,100,100,100,0,100
United Kingdom,E5,79.8,80.1,88,92.9,84.6,90,84.9,87.4,44.1,9.4,31.8,90.4,39.2,31.8,91.3,14.6,88.6,99.8,99.7,99.7,100,100,100,100,9.4,100,100,100,89.1,98,93.6,99.4,99.3,99.7,80.1,40.4,100,100,75.2,77.8,100,33.3,100,72.6,100,58,100,15.5,18.3,97.9,91.3,100,75,85.3,100,91.3,100,50,58.7,100,75.3,57.7,25.2,22.5,71.3,81,100,100,100,100,100,66.7,100,100,0,100
United States,E1,n/a,n/a,n/a,81.4,67.9,89.2,n/a,n/a,n/a,11.5,24.5,82,27.9,16.3,78.6,3.3,n/a,99.8,99.9,99.6,n/a,100,100,n/a,14.3,n/a,100,100,n/a,n/a,77.5,99.3,99.5,99.9,n/a,100,100,100,n/a,n/a,50,100,100,n/a,100,n/a,100,n/a,n/a,85.2,n/a,n/a,n/a,n/a,100,93.7,100,75,n/a,100,n/a,n/a,n/a,n/a,n/a,n/a,n/a,n/a,n/a,n/a,100,66.7,100,n/a,0,n/a
United States,E2,76.5,72.2,81.5,81.8,69.8,92.6,82.8,80.4,38,10.6,30.2,86.1,29.5,19.7,86.7,3.4,69.2,99.8,99.9,99.6,0,100,100,33.3,20.6,100,100,100,96.3,94.3,78.5,99.3,99.5,99.8,98.3,95,100,100,70.4,83.3,50,100,100,57.5,100,43.2,100,50,50,89.9,26.7,0,66.9,92.4,100,94.5,100,75,48.9,100,51.4,34.4,22.2,26.9,58.5,59.5,50,100,0,0,100,66.7,100,100,0,0
United States,E3,77.4,73.6,83.6,83.8,71,93,87.1,83,41.6,14.7,40.5,86.1,32.6,25.1,88.8,3.6,69.2,99.8,99.9,99.8,0,100,100,33.3,20.9,100,100,100,97.6,97.6,92.6,99.3,99,99.7,97.5,92.5,100,100,76.8,83.3,50,100,100,70.4,100,73,100,66.7,66.7,89.9,66.7,0,61.7,92.4,100,94.5,100,75,42.6,100,40,18.8,14.8,46.2,35.9,50,50,100,0,0,100,0,100,100,0,0
United States,E4,83.9,79.1,84.2,85.3,72.3,99,82.8,81.6,46.5,19.9,53.9,88.9,37.7,32.1,89.1,3.6,85.9,99.8,99.9,99.9,100,100,100,66.7,21.3,100,100,100,97.5,97.8,93.4,99.3,99,99.7,97.1,91.4,100,100,86.6,100,100,100,100,73.2,100,32.2,100,47.7,52.8,94.5,58.3,100,72.4,92.4,100,94.5,100,75,42.8,100,55.4,27.8,20.2,17.7,35.8,82.1,75,100,0,100,100,100,100,100,0,100
United States,E5,85.5,81.3,84.5,85.3,74,100,83.8,79.2,50.5,24.9,66.8,88.6,39.3,40.3,90.1,3.6,90.3,99.8,99.9,99.9,100,100,100,100,22.7,100,100,100,89.9,99.4,100,98.8,99,99.7,80.5,91.5,50,100,89.6,100,100,100,100,79.3,100,42.7,100,38.2,74.7,94.5,84.2,100,81.1,92.4,100,94.5,100,75,72.4,100,63.1,57,59.3,72.7,82.3,78.6,50,100,0,0,100,100,100,100,0,100
Uruguay,E1,n/a,n/a,n/a,59.6,56.3,100,n/a,n/a,n/a,2.1,8.8,84.4,37.3,17.5,80.2,2.5,n/a,100,90,50,n/a,n/a,n/a,n/a,0,n/a,99.7,93.8,n/a,n/a,73.8,98.5,99.1,99.6,n/a,19.7,0,0,n/a,n/a,n/a,n/a,n/a,n/a,n/a,n/a,n/a,n/a,n/a,63.8,n/a,n/a,n/a,n/a,98,57.5,n/a,n/a,n/a,n/a,n/a,n/a,n/a,n/a,n/a,n/a,n/a,n/a,n/a,n/a,n/a,n/a,n/a,n/a,100,n/a
Uruguay,E2,n/a,n/a,n/a,61.7,57.4,100,89.6,88.5,n/a,2,9.6,86.5,36.6,16.5,88,3.2,n/a,100,91,88,n/a,n/a,n/a,n/a,0,n/a,99.8,97.6,n/a,n/a,72.2,98.5,99.1,99.8,n/a,20.7,0,0,n/a,n/a,n/a,n/a,n/a,n/a,n/a,n/a,n/a,n/a,n/a,60,n/a,n/a,n/a,n/a,98,57.5,n/a,n/a,n/a,n/a,n/a,n/a,n/a,n/a,n/a,n/a,n/a,n/a,n/a,n/a,n/a,n/a,n/a,n/a,100,n/a
Uruguay,E3,63.2,65.3,77.3,64.2,59.1,100,81.4,81.6,37.8,3.5,15.6,87.5,44.8,20.3,89.6,3.6,47.4,100,91,88,0,100,0,0,0,98.7,99.8,97.6,48.8,90.3,64,98.5,99.1,99.8,7.2,21.6,0,0,72.8,83.3,50,100,100,62.3,100,52.7,100,77.5,67.2,60,41.2,0,65.8,76.2,98,56.7,100,50,58.1,100,44.4,76.1,57.8,22.5,47.5,63.1,75,100,0,100,100,66.7,0,100,100,0
Uruguay,E4,69.7,70.2,79.4,68.3,60.4,100,83.8,84.3,40.9,4.7,19.6,90,50.9,25.8,91.7,3.6,61.6,82.4,91,86.2,100,100,0,33.3,0,98.7,99.9,97.6,49.5,91.6,69,98.5,99.1,99.8,7.4,22.2,0,0,86.9,100,100,100,100,73.8,100,52.7,100,77.5,67.2,51.8,41.2,100,72.2,76.4,98,57.5,100,50,58.1,100,44.4,76.1,57.8,22.5,47.5,82.1,75,100,0,100,100,100,0,100,100,100
Uruguay,E5,69.3,70.9,79.7,69.2,62.4,100,82.8,84.3,43.3,4.9,23,91.3,55.1,30.1,95.2,3.6,61.1,82.4,91,82.5,100,100,0,33.3,0,99.3,99.8,98.8,58.6,92.5,72.6,98.6,99.1,99.8,24.7,24.2,50,0,82.7,100,100,100,100,65.5,100,29.7,100,19.3,79.2,51.8,43.7,100,65.1,64,98.4,57.5,100,0,49.2,100,60.9,42.7,16.7,39.4,35.8,82.1,75,100,0,100,100,100,0,100,100,100
Uzbekistan,E1,n/a,n/a,n/a,75.1,12.3,40.7,n/a,n/a,n/a,1.4,0.9,72,8.5,6.2,59.8,0.1,n/a,96.1,43,10,n/a,50,100,n/a,2,n/a,100,100,n/a,n/a,5.4,93.9,92.9,99.1,n/a,26.3,50,0,n/a,n/a,50,100,100,n/a,50,n/a,66.7,n/a,n/a,24.7,n/a,n/a,n/a,n/a,100,78.7,66.7,50,n/a,100,n/a,n/a,n/a,n/a,n/a,n/a,n/a,n/a,n/a,n/a,50,33.3,0,n/a,100,n/a
Uzbekistan,E2,54.9,54.3,52.4,79.6,18.6,44.3,57.4,62.2,26,2.2,1.5,79.4,9.9,6.2,82.3,0.2,38.9,96.9,45.3,16.9,0,50,100,0,2,100,100,100,47.4,69.6,6.2,93.9,79.2,99.3,25.3,25.8,50,0,61.9,83.3,50,100,100,40.5,50,43.2,66.7,33.3,61.1,34.3,35.6,0,56,73.9,100,78.7,66.7,50,53.6,100,57.1,31.3,37,34.6,61.7,40.5,0,0,0,0,50,33.3,100,0,100,0
Uzbekistan,E3,55.8,55.5,49.6,79.8,22.2,46.2,42.7,57.3,26.6,3.1,2.5,78.3,12.3,5.8,83.8,0.3,45.9,96.9,75,43,0,50,100,0,2,100,100,100,49.6,74,20.1,97.2,79.3,99.4,25.2,25.5,50,0,61.9,83.3,50,100,100,40.5,50,43.2,66.7,33.3,61.1,34.3,35.6,0,56,74,100,79.5,66.7,50,53.6,100,57.1,31.3,37,34.6,61.7,40.5,0,0,0,0,50,33.3,100,0,100,0
Uzbekistan,E4,58.9,55.2,52,80.3,27.1,41.8,58.6,52,29.1,6.6,6.5,82.5,17.4,7.6,82.5,0.9,39.8,97.3,75.5,44,50,50,0,0,2,100,100,100,56.8,72.2,12.8,97.3,79.3,99.4,41.3,23.9,100,0,72.8,83.3,100,100,50,62.3,50,40.5,100,36.7,83.3,45.4,42.2,100,50.9,44.9,100,79.5,0,0,53.1,100,51.4,50,37,53.8,26.5,54.8,0,0,0,0,50,0,100,100,100,33.3
Uzbekistan,E5,62.5,60.8,62.9,80.3,29.7,71.3,69.2,63.7,33,12.4,12.4,87.4,21.9,8.5,87.5,0.9,47.3,98.4,80.7,47.7,50,100,0,0,1.9,100,100,100,56.7,72.2,13,97.2,79.3,99.4,41.2,23.5,100,0,69.2,83.3,100,100,50,55.1,50,37.8,100,10,33.3,45.4,64.4,100,63.2,65.7,100,79.5,33.3,50,62,100,62.9,46.9,51.9,57.7,52.5,61.9,0,0,0,0,0,100,100,100,100,33.3
Venezuela,E1,n/a,n/a,n/a,34.5,18.4,66.9,n/a,n/a,n/a,0,0.1,52,8.2,5.7,66.9,0.5,n/a,92.2,90,45,n/a,100,0,n/a,0,n/a,99.8,98.6,n/a,n/a,42.2,94.6,91.8,99.3,n/a,16.5,50,0,n/a,n/a,50,0,50,n/a,100,n/a,66.7,n/a,n/a,31.9,n/a,n/a,n/a,n/a,95.8,68.5,33.3,25,n/a,0,n/a,n/a,n/a,n/a,n/a,n/a,n/a,n/a,n/a,n/a,100,33.3,100,n/a,100,n/a
Venezuela,E2,49.2,56.2,57.1,33.8,18.7,62.7,87.6,83,21.1,0,0.2,57.8,10.5,6,72.2,0.7,48,92.2,90.6,67.8,0,100,0,33.3,0,98.5,98.9,98.1,51.5,81,38.3,94.6,91.8,99.3,21.9,15.8,50,0,43.1,33.3,50,0,50,52.8,100,54.1,33.3,83.3,72.2,39.6,40,0,46.1,50,96.4,70.1,33.3,0,52.6,0,82.9,46.9,70.4,61.5,53.7,35.7,50,100,0,0,0,0,100,0,100,0
Venezuela,E3,52.9,55,49.8,33.3,18.9,53.5,75.5,67.6,21.8,0.2,0.5,56.8,14.3,5.6,74.8,0.7,49.8,92.2,90.6,82,0,100,0,33.3,0,98.5,98.9,98.1,53.5,85,54.6,94.6,91.8,98.9,22,16.1,50,0,54.9,55.6,50,66.7,50,54.3,100,45.9,66.7,76.7,72.2,39.6,33.3,0,48.4,50,96.4,70.1,33.3,0,59.5,0,91.4,37.5,77.8,73.1,77.4,35.7,50,100,0,0,0,0,100,0,100,0
Venezuela,E4,57.2,54.3,53.6,33.3,19.2,42.1,88,85.1,18.6,0.2,0.5,44.7,13.5,4.6,66.3,0.7,45.1,82.4,81,64,0,100,0,33.3,0,100,100,100,53.4,85,54.6,94.6,91.8,98.9,21.8,15.3,50,0,66.9,77.8,100,33.3,100,56,50,45.9,66.7,76.7,72.2,52.8,33.3,50,54.4,50,96.4,70.1,33.3,0,59.5,0,91.4,37.5,77.8,73.1,77.4,53.6,75,100,0,100,100,0,100,0,100,0
Venezuela,E5,58,58.2,54,33.3,19.1,17.7,99.7,100,21.1,0.5,0.8,45.2,15.7,5.3,79.6,0.7,58.1,84.3,82,65,0,100,100,33.3,0,99.4,100,98.9,53.3,85,54.6,94.6,91.8,98.9,21.7,15,50,0,70,77.8,100,33.3,100,62.2,50,45.9,66.7,76.7,72.2,52.8,33.3,100,50.4,41.6,96.4,70.1,0,0,59.5,0,91.4,37.5,77.8,73.1,77.4,50,50,100,0,0,100,0,100,0,100,0
Vietnam,E1,n/a,n/a,n/a,23.9,17.6,99.8,n/a,n/a,n/a,9.4,8.8,92.4,3.7,4.1,81.5,1.3,n/a,88.2,70,0,n/a,100,0,n/a,0.7,n/a,99.2,96,n/a,n/a,40.8,98.4,94.8,99.8,n/a,26.3,50,50,n/a,n/a,50,100,100,n/a,100,n/a,100,n/a,n/a,42.9,n/a,n/a,n/a,n/a,93.2,52,0,0,n/a,100,n/a,n/a,n/a,n/a,n/a,n/a,n/a,n/a,n/a,n/a,50,66.7,100,n/a,50,n/a
Vietnam,E2,64.7,57.3,59.9,25.7,20.7,98.8,77.7,76.7,35.9,11.1,10.8,93.8,26.4,13.8,92.6,2.7,33.9,88.2,77.3,5,0,100,0,0,0.7,99.4,99.9,98.9,63.3,84.8,45.4,98.6,95.2,99.8,41.9,25.8,50,50,74.3,83.3,50,100,100,65.2,100,62.2,100,80,88.9,50.3,40,0,64.1,61.5,93.2,52.8,100,0,67.6,100,85.7,46.9,48.1,76.9,48.1,63.1,75,100,0,100,50,66.7,100,100,50,0
Vietnam,E3,67.3,62.5,58.5,27.1,25.4,96.9,68.3,74.6,39.2,13.1,12.6,94.9,36.6,17.9,95.4,3.9,53.2,99,98,95,0,100,0,33.3,0.6,99.1,100,98.1,60.9,79.9,26.4,98.2,95.3,99.9,41.8,25.5,50,50,75.9,83.3,50,100,100,68.5,100,56.8,100,56.7,100,50.3,84.4,0,69.9,61.7,93.2,53.5,100,0,77.7,100,68.6,65.6,100,88.5,43.5,70.2,25,0,0,100,100,66.7,100,100,100,0
Vietnam,E4,70.7,67,61.2,45.8,29,100,62.8,68.6,43.2,16.6,16.2,95.9,53.2,21.6,96.7,2.2,63.8,99.2,99.6,93.9,50,100,0,66.7,0.6,99.7,100,99.4,62.6,83.9,42.2,98.3,95.3,99.9,41.3,23.9,50,50,85.4,100,100,100,100,70.8,100,86.5,66.7,80,100,62.2,71.1,0,68,53.5,93.8,53.5,66.7,0,74.2,100,77.1,62.5,81.5,65.4,58.5,76.2,0,0,0,0,100,100,100,100,100,33.3
Vietnam,E5,69.9,69.7,65.4,45.8,32.7,100,70.7,77.9,49.8,24.2,23.7,96.5,71.5,30.6,98.3,4,64.2,99.6,99.8,97,50,100,0,66.7,0.6,99.3,100,98.7,61.4,81.7,33.1,98.5,95.3,99.9,41.2,23.5,50,50,80.3,100,100,100,100,60.7,100,48.6,66.7,46.7,72.2,62.2,88.9,0,68,61.8,93.8,53.5,100,0,66,100,62.9,65.6,66.7,84.6,16.4,76.2,0,0,0,0,100,100,100,100,100,33.3
Zambia,E1,n/a,n/a,n/a,12.4,0.3,43.1,n/a,n/a,n/a,2,2.2,40.4,8.6,6,51.1,0.1,n/a,86.3,53,1.3,n/a,0,0,n/a,3.9,n/a,38.5,13.2,n/a,n/a,22.8,81.2,83.7,93.7,n/a,6.1,0,0,n/a,n/a,50,33.3,0,n/a,50,n/a,33.3,n/a,n/a,21.2,n/a,n/a,n/a,n/a,79,42.5,0,25,n/a,50,n/a,n/a,n/a,n/a,n/a,n/a,n/a,n/a,n/a,n/a,0,0,100,n/a,100,n/a
Zambia,E2,41.4,32.1,33.3,14,0.4,43.7,43.1,65.2,25,2.5,3.3,72.9,12.4,6.9,76.5,0.1,35.3,86.3,53,5.8,0,0,100,33.3,3.9,34.8,63.5,6.1,44.8,71,25.8,81.2,83,93.9,18.7,6.1,50,0,42.7,44.4,50,33.3,50,41,50,48.6,66.7,60,55.6,22.5,24.4,0,45.9,37,79,44.1,0,25,54.4,100,51.4,31.3,51.9,34.6,57.1,46.4,25,0,0,100,0,0,100,100,100,0
Zambia,E3,44.5,37.3,36.3,16.3,0.4,50,49.5,65.2,25.6,2.4,3.2,69.8,22.2,8.8,72.9,0.2,52.5,86.3,53,43.4,0,100,100,33.3,3.7,34.8,63.5,6.1,46.5,74.3,29.5,94,80.6,93.1,18.8,6.3,50,0,37.5,44.4,50,33.3,50,30.5,50,26.4,33.3,52.2,43.3,22.5,16,0,56.8,62.2,79,44.9,100,25,54.6,100,35.6,55.8,67.4,24.4,44.7,53.6,25,0,0,100,50,0,100,100,100,0
Zambia,E4,48.6,38.6,43.1,17.5,0.9,59.4,60.3,77.3,29.6,3.4,4.1,77.2,32.5,10.7,78.6,0.5,41.4,74.3,76.5,43.4,0,0,100,33.3,3.6,40.3,77.2,3.5,47.2,75.7,34.2,95,80.6,93.1,18.7,6.1,50,0,51.3,63.9,75,66.7,50,38.8,50,35.1,33.3,43.3,83.3,25.1,40,0,57.4,63.4,83.6,44.9,100,25,55.3,100,42.9,37.5,63,42.3,46.5,53.6,25,0,0,100,50,0,100,100,100,0
Zambia,E5,51.2,38.5,41.6,17.5,1.1,66.6,57,66.1,31.6,5.3,4.9,80,31.9,10.5,87.7,0.5,41.1,74.3,71.8,49.1,0,0,100,33.3,0,39.7,73.5,6,48.1,77.6,41.2,95.6,80.6,93.1,18.7,6.1,50,0,59.7,80.6,75,66.7,100,38.9,50,38.4,33.3,39.8,83.9,25.1,40.3,0,58.4,63.4,83.6,44.9,100,25,58.2,100,54.1,40.9,70.7,40.4,43.2,53.6,25,0,0,100,50,0,100,100,100,0
Zimbabwe,E1,n/a,n/a,n/a,21.4,2.5,62.5,n/a,n/a,n/a,3.1,2.9,70.8,16.7,9.1,71.1,0.2,n/a,77.8,55.1,11,n/a,n/a,n/a,n/a,0,n/a,77.7,20.3,n/a,n/a,17.7,31.3,0,96,n/a,0.1,0,0,n/a,n/a,n/a,n/a,n/a,n/a,n/a,n/a,n/a,n/a,n/a,27.5,n/a,n/a,n/a,n/a,83.8,54.3,n/a,n/a,n/a,n/a,n/a,n/a,n/a,n/a,n/a,n/a,n/a,n/a,n/a,n/a,n/a,n/a,n/a,n/a,100,n/a
Zimbabwe,E2,n/a,n/a,n/a,21.9,2.6,62,52.5,81.5,n/a,3.9,3.5,83.2,26.3,11.3,82.2,0.3,n/a,78.2,55.3,22.6,n/a,n/a,n/a,n/a,0,n/a,79,10.7,n/a,n/a,21.3,49.3,49.9,96,n/a,0,50,0,n/a,n/a,n/a,n/a,n/a,n/a,n/a,n/a,n/a,n/a,n/a,32.1,n/a,n/a,n/a,n/a,83.8,54.3,n/a,n/a,n/a,n/a,n/a,n/a,n/a,n/a,n/a,n/a,n/a,n/a,n/a,n/a,n/a,n/a,n/a,n/a,100,n/a
Zimbabwe,E3,n/a,n/a,n/a,23.8,2.8,69.2,40.1,79.9,n/a,4.2,3.6,81.9,30.9,13.5,89,0.4,n/a,80.6,78.2,34.7,n/a,n/a,n/a,n/a,3.8,n/a,79,10.7,n/a,n/a,22.7,69.6,52.5,96.2,n/a,0,0,0,n/a,n/a,n/a,n/a,n/a,n/a,n/a,n/a,n/a,n/a,n/a,32.1,n/a,n/a,n/a,n/a,83.8,54.3,n/a,n/a,n/a,n/a,n/a,n/a,n/a,n/a,n/a,n/a,n/a,n/a,n/a,n/a,n/a,n/a,n/a,n/a,50,n/a
Zimbabwe,E4,45.3,44.9,47.5,30.1,3,59.6,58.4,86.2,31.6,5,4.8,77.8,30.5,13.1,89.9,0.4,55.4,86.3,84,35,0,100,100,33.3,4.4,45.3,79.4,11.2,29.2,58.3,0,84.5,52.5,96.2,0.1,0.2,0,0,58.7,75,75,100,50,42.4,50,40.5,33.3,63.3,77.8,32.2,42.2,0,48.2,55.4,83.8,54.3,33.3,50,44,50,51.4,25,51.9,50,35.9,45.2,0,0,0,0,50,66.7,100,0,100,0
Zimbabwe,E5,45.5,49.7,50.4,30.1,3,60.3,71.1,87.4,31.2,5.8,5.4,79.3,25.3,11.8,90.1,0.4,55.5,87.1,84.2,35,0,100,100,33.3,4.3,61.7,87.5,36,30.3,60.6,9.2,84.5,52.5,96.2,0.1,0.3,0,0,52,63.9,75,66.7,50,40.2,50,45.9,33.3,36.7,83.3,32.2,40,0,50,61.6,83.8,54.3,33.3,75,50.4,100,60,31.3,37,30.8,43.5,38.1,0,0,0,0,0,66.7,100,0,100,0
